ㄚ發哥果園,120.839441,24.377300
九芎坪果園,120.856816,23.732447
二湖鳳梨館,121.685430,24.758014
三富休閒農場,121.753972,24.617917
大山元農場,120.361389,22.795472
大山背休閒農場,121.134778,24.696139
大坪頂百香果園,120.925246,24.037459
大礁溪農場,121.702528,24.779770
小崇ㄉ果園,120.447444,23.104917
山頂壯圓,120.400994,23.320556
不一樣鱷魚生態休閒農場,120.543056,22.550000
公道農園,120.800387,24.228634
天使花園休閒農場,120.514200,22.565000
心禾園,120.847397,24.163540
月季優質農場,121.114682,22.905711
水里生態休閒農場,120.827722,23.802167
水岸森林休閒農場,121.731667,24.683889
水寨一方農場,120.864009,24.259906
仙湖休閒農場,120.482389,23.265130
台一生態休閒農場,121.007028,23.978476
好麻吉農場,120.681443,24.039125
安康美之農無毒農園,120.541333,22.842976
曲禾酒莊,121.094950,22.888432
自然主義農園,121.085470,22.713934
沐光農場,120.594536,24.298962
初鹿椰子林,121.096603,22.871067
宜富金棗果園,121.750069,24.817957
幸福紅龍果,121.098137,22.826997
東風有機休閒農場,121.729278,24.619000
東新觀光果園,120.857757,24.277308
花果有機農場,120.876301,24.335816
花現小路果園,120.771451,23.942535
金湖岸楊梅大王,121.105154,25.027044
長立果園,121.614046,24.637900
阿宗果園,121.740206,24.705595
阿東的蓮霧園,121.742061,24.763575
柿子哥果園,120.596277,23.449914
炳智果園,121.633866,24.648844
張媽媽休閒農場,120.448056,22.746917
情人谷生態農場,120.756944,24.225720
梅嶺福來梅園,120.556953,23.188088
荳媽媽休閒果園,120.815072,24.330812
莓洋洋草莓園,120.720110,22.048838
莓樂地金榜農園,120.865361,24.420070
都蘭山花田農園,121.205506,22.877600
雪霸休閒農場,121.106258,24.313900
富田香草休閒農場,121.287942,24.838745
富興社區發展協會,121.383613,23.579530
棗到了-梅嶺棗園休閒採果區,120.493748,23.174758
棗健康有機農場,121.594194,24.670806
發8家有機農場,121.638953,24.674515
童話村有機渡假農場,121.742222,24.665556
菁芩休閒農場,120.591944,23.854444
雲也居一休閒農場,120.833611,24.374722
傳奇教育休閒農場,120.511486,22.486648
新科紅龍果園,120.416361,23.897972
達莉農莊,120.572889,23.767361
彰化二林開心火龍果,120.382361,23.890861
蒝氣屋溫室農場,120.300139,22.895972
蓁蓁園,120.555910,23.457590
蜜旺果舖,120.452924,23.106524
蜻蜓谷休閒農場,120.851038,24.237261
摩天嶺甜柿部落,120.937500,24.325220
擁葉生態農場,120.870925,24.260780
橘二代,120.871385,24.376745
興瑞文旦,121.367174,23.495694
親親果農場,121.023470,24.840411
龍湖山生態農莊,120.505297,23.278638
優恩蜜溫室蔬果觀光果園,120.816646,24.260297
彌勒有機果園,121.368379,23.500734
豐碩果園,120.356083,23.441000
鵝山有機體驗農場,121.744444,24.629972
藤結教育農場,121.780722,24.808944
麗野莊園休閒農場,121.780194,24.741877
水璉、牛山海岸,121.569400,23.763440
石梯坪,121.511730,23.485250
長虹橋,121.489040,23.468450
金樽,121.279750,22.945100
加路蘭,121.197000,22.806500
都蘭,121.227650,22.874160
帆船鼻大草原,121.506900,22.633660
哈巴狗與睡美人岩,121.509520,22.655020
綠島人權文化園區,121.495660,22.674850
牛頭山、樓門岩,121.507670,22.676750
樟原,121.482800,23.413140
富山漁業資源保育區,121.185770,22.832710
柴口,121.482780,22.677920
美山驛站,121.399920,23.155620
花蓮遊客中心,121.602410,23.904550
秀姑巒溪遊客中心,121.401200,23.488880
八仙洞遊客中心,121.477240,23.396420
三仙台遊客中心,121.407100,23.123260
小野柳遊客中心,121.196070,22.795640
都歷遊客中心,121.324880,23.020110
奚卜蘭遊客中心(新太平洋一號店),121.488540,23.466630
比西里岸幾米園區,121.400760,23.129670
長光梯田,121.447520,23.330300
鹽寮,121.603800,23.902940
成功海濱公園,121.384970,23.104050
鯉魚潭露營區(綠野鄉渡假村),121.505690,23.916580
新光兆豐休閒農場,121.459940,23.803950
瑞穗泛舟服務中心,121.401700,23.487970
玩樂大鵬灣,120.479530,22.455790
環灣自行車道,120.479540,22.455870
東隆宮,120.448770,22.463080
東港魚市場,120.442570,22.468090
濱灣公園(帆船基地),120.477360,22.436590
人工溼地公園,120.455720,22.451040
潟湖,120.473670,22.448240
蚵殼島,120.470550,22.442410
大潭濕地,120.489670,22.453100
右岸濕地,120.490990,22.443780
左岸溼地,120.491560,22.438210
崎峰濕地,120.490080,22.432070
東港海鮮街,120.449250,22.464880
烏鬼洞,120.355060,22.329410
蛤板灣沙灘,120.360220,22.334560
白燈塔,120.366230,22.328880
美人洞,120.371760,22.352930
山豬溝,120.363150,22.339300
厚石裙礁,120.361190,22.322750
碧雲寺,120.369870,22.337590
三隆宮,120.377170,22.347080
中澳沙灘,120.387640,22.350930
琉球管理站暨遊客中心,120.381200,22.354350
多仔坪潮間帶,120.365300,22.349780
保力農場,120.761790,22.072040
四重溪溫泉區,120.750280,22.095830
恆春古城門,120.744800,22.000850
七孔瀑布,120.801290,22.025780
港口吊橋,120.841940,21.988740
九棚大沙漠,120.876300,22.116060
滿州賞鷹,120.838410,22.043850
鵝鑾鼻,120.851110,21.900850
白砂灣,120.717590,21.934650
小灣,120.805130,21.941260
落日灣,120.478930,22.457010
映霞橋亭,120.486940,22.438050
牛角聚落,119.952600,26.164170
津沙聚落,119.912600,26.145650
大漢據點,119.928100,26.141000
蔬菜公園,119.952100,26.156600
鐵板天后宮,119.924200,26.141900
印地安人頭岩,119.963050,26.166910
四維村,119.920200,26.170200
津仁與馬港步道,119.914400,26.145200
福清自行車道,119.937400,26.154200
烈女義坑,119.930770,26.143470
燕秀潮音,120.489000,26.358600
一線天,120.505300,26.366200
太白天聲,120.509800,26.365700
忠誠門,120.486500,26.367100
中柱島,120.296170,26.221170
感恩亭,120.484000,26.370600
國之北疆,120.283400,26.225880
后澳,120.477600,26.381300
海現龍闕,120.488200,26.370000
東海雄風,120.487300,26.368300
大浦聚落,119.973700,25.956100
林頭嶼,119.973100,25.954900
神祕小海灣,119.977600,25.959700
蛇島,119.916000,25.984600
樂道澳,119.984810,25.979490
大埔石刻,119.963200,25.950200
福正聚落,119.982000,25.966700
永留嶼,119.972500,25.966800
螺山自然步道,120.007400,26.220100
橋仔聚落,119.993800,26.234900
碧園,119.988200,26.220300
后澳村,120.006200,26.223200
龜島,119.984100,26.225700
壁山,119.992900,26.224800
三連嶼,120.014100,26.227600
大坵,120.015000,26.220000
白沙港,119.968900,26.205700
坂里沙灘,119.974200,26.205700
文化會館,120.939690,23.821590
銅鏡山林步道,120.969640,24.668530
覺然塔,121.014670,24.644450
獅尾登山口,121.022950,24.655710
縣139線觀景道路,120.493580,24.113290
天長地久橋,120.605240,23.438990
牛埔仔草原,120.590870,23.443630
象山,120.681980,23.414440
頂湖自然生態公園,120.720370,23.491040
奮起湖文史陳列室,120.696640,23.504650
北側奮起湖步道,120.695880,23.506090
四方竹,120.694430,23.505320
五奇之雲海,120.822740,23.509460
五奇之晚霞,120.780950,23.529370
紫雲寺,120.595340,23.462340
五奇之森林,120.809270,23.513150
五奇之鐵道,120.804420,23.510280
新八景之塔山奇岩,120.780860,23.529370
新八景之小笠原山,120.821740,23.508220
新八景之水山巨木,120.808370,23.508920
土地公廟,120.674210,23.477880
新八景之香林拱橋,120.810300,23.517760
苦楝老樹,120.675840,23.479840
百年砌石梯田,120.673310,23.478650
新八景之慈雲觀景,120.806580,23.518300
光華賞螢步道,120.681180,23.485520
新八景之神怡流瀑,120.806470,23.518680
新八景之阿里山神木遺跡,120.806560,23.519140
阿里山火車站,120.804380,23.510280
沼平(車站及公園周邊),120.810970,23.510570
貴賓館,120.808650,23.511780
三元宮,120.604280,23.561940
瑞太資訊站,120.687610,23.544570
竹林茶坊-孝子路步道,120.606110,23.560830
民番界碑,120.599750,23.566760
祝山,120.807860,23.517240
太平36彎眺景,120.573510,23.566120
泰興岩廟,120.634520,23.541430
古磨坊毛樹溪吊橋古蹟,120.622590,23.549940
山羊路步道,120.603190,23.562730
碧湖觀景台,120.623350,23.568570
觀音瀑布風景區,120.620630,23.506610
出水坑步道,120.631020,23.521530
圓潭自然生態園區,120.659350,23.528940
蝙蝠生態館,120.659540,23.504440
龍宮瀑布,120.657260,23.553570
1314觀景台,120.679050,23.559540
南天巨屏,120.671990,23.554370
綠色隧道,120.680130,23.546910
青年嶺步道,120.656610,23.534890
樟樹湖觀光果園暨茶園,120.707220,23.522330
櫻木花道賞櫻區,120.711630,23.521750
斯比斯比(鐵達尼大峭壁),120.757580,23.518550
天水瀑布,120.762860,23.527940
百合廣場,120.740440,23.527000
石鼓盤觀光大橋,120.744570,23.575210
石盤谷峭壁藝術林,120.744160,23.599780
豐山觀景台,120.748080,23.567480
土石流紀念公園,120.742660,23.574630
石鼓盤瀑布,120.743160,23.600360
蛇樹下蛋,120.757850,23.576040
大石鼓園,120.746100,23.592010
迷糊步道(米洋溪步道),120.717440,23.476880
日警官舍,120.748910,23.453710
庫巴,120.749590,23.454930
里佳賞楓步道,120.721100,23.406730
巨石板,120.697100,23.385020
風流洞,120.722300,23.405860
達娜伊谷溪自然生態公園,120.677970,23.378310
新美教堂,120.684990,23.337920
達谷布亞努步道,120.684470,23.337840
大石壁,120.670570,23.308850
屯阿巴娜生態步道,120.664390,23.298910
太興岩步道,120.634380,23.539590
雲潭步道-雲潭瀑布,120.655520,23.531760
花石溪步道,120.711860,23.522060
天雲谷步道,120.756700,23.588720
姊妹潭,120.814040,23.519240
受鎮宮,120.810780,23.517640
巨木群棧道,120.809710,23.516780
樹靈塔,120.808560,23.517300
慈雲寺,120.807650,23.517240
麟山鼻遊憩區,121.513340,25.284670
富貴角遊憩區,121.538340,25.292470
青山瀑布步道,121.566380,25.240430
老梅綠石槽,121.545370,25.292350
獅頭山公園,121.646050,25.225970
慈護宮,121.640110,25.220200
金包里古道,121.646270,25.227210
金山舊機場遺址與李芑豐古宅,121.620210,25.229430
翡翠灣,121.685660,25.189540
觀音山6條登山步道系統,121.424590,25.128380
楞嚴閣,121.424890,25.126290
開山院,121.422490,25.126440
林梢步道,121.426490,25.123210
三清宮,120.473650,23.133020
大仙寺,120.473310,23.345440
六重溪平埔文化園區,120.462520,23.312910
赤山龍湖巖,120.361010,23.216760
烏山登山步道,120.529570,23.056570
曾文水庫風景區,120.496890,23.210450
二寮觀日出,120.411450,22.997310
基隆廟口,121.743490,25.128190
南雅地質步道,121.894380,25.120150
鼻頭角地質公園,121.920920,25.122480
龍洞灣岬步道,121.922200,25.105370
龍洞岩場,121.922120,25.112140
金沙灣海濱公園,121.915900,25.075180
濱海自行車道,121.926790,25.040130
雙溪河,121.944200,25.020360
卯澳石頭古厝建築之美,121.990120,25.011980
三貂角燈塔,121.998130,25.007680
石城服務區,121.958950,24.983510
石城港,121.952160,24.981870
大里天公廟,121.925400,24.969800
石觀音寺,121.908970,24.952040
桃源谷,121.897720,24.943190
大溪漁港,121.898470,24.940760
北關休閒農場,121.868420,24.911930
螃蟹博物館,121.868350,24.911920
藏酒酒莊,121.850080,24.908870
龜山賞鯨豚,121.944010,24.843190
外澳服務區,121.841500,24.878040
竹安溪口,121.822670,24.840520
頭城農場,121.849490,24.907170
永鎮廟,121.815590,24.775090
五十二甲賞鳥區,121.813890,24.656210
利澤沙丘海岸,121.832560,24.665710
無尾港水鳥保護區,121.853350,24.613170
碧涵軒卵羽陳列館,121.850020,24.573270
五峰旗風景區,121.747760,24.831400
跑馬古道,121.762760,24.827110
南天宮,121.865090,24.581910
內埤海灘,121.870380,24.576710
三剛鐵工廠文物館,121.866180,24.582360
南方澳遊客中心,121.864360,24.584400
邱良功古厝,118.317780,24.432630
陳詩吟洋樓,118.317730,24.431530
金門朱子祠,118.317280,24.434540
黃偉墓,118.410670,24.478300
黃宣顯六路大厝,118.414710,24.487060
莒光樓,118.319000,24.424970
奎閣(魁星樓),118.317800,24.431330
瓊林蔡氏家廟,118.373990,24.454440
吳秀才厝,118.229580,24.422280
邱良功母節孝坊,118.318520,24.431410
將軍第,118.318100,24.433070
虛江嘯臥碣群,118.305620,24.398390
陳禎恩榮坊,118.430260,24.481110
海印寺,118.418540,24.462650
豐蓮山牧馬侯祠,118.322380,24.420730
文臺寶塔,118.306000,24.398790
瓊林一門三節坊,118.370400,24.453920
石門關,118.417830,24.462800
睿友學校,118.441120,24.485640
楊華故居,118.306130,24.456920
林務所,118.444430,24.462850
貴山海灘,118.223730,24.427010
溪邊海水浴場,118.468500,24.442610
貓公石濱海休憩區,118.244240,24.449120
后湖沙灘,118.342150,24.411510
東門城,118.309190,24.400090
北門城,118.308080,24.403290
茅山塔,118.288330,24.408510
國姓井,118.235150,24.438370
北風爺、風雞,118.239780,24.436760
三眼井,118.307590,24.478840
稚暉亭,118.288880,24.415110
金水國小,118.297990,24.409240
西園鹽場文化館,118.405310,24.507050
雙鯉溼地自然中心,118.310000,24.476170
金門高中中正堂,118.314070,24.435070
東林東井,118.249450,24.427520
南山林道,118.292930,24.471590
復國墩,118.466550,24.447730
明遺老街,118.308830,24.403710
石兔,118.410530,24.460480
劉玉章雕像,118.409690,24.459100
葉華成故居,118.305830,24.399240
玉章路牌坊,118.405180,24.458130
斗門溪步道,118.408450,24.464900
北山聚落,118.312830,24.479410
欽旌節牌坊,118.382220,24.459860
無愧亭,118.389760,24.451020
倒影塔,118.414130,24.462630
五虎山步道,118.434130,24.499630
擎天山莊公園,118.389820,24.436320
料羅海濱公園,118.433500,24.417490
金門媽祖公園,118.434400,24.412650
后湖濱海公園,118.344330,24.416930
東林海濱公園,118.251760,24.425080
環保公園低碳教育館,118.370360,24.436960
中正公園,118.426710,24.436610
金門海濱休閒公園,118.310270,24.430200
石雕公園,118.315620,24.427310
鄭成功觀兵奕棋處,118.413960,24.462690
頑石點頭勒石群,118.421860,24.465720
中正紀念林,118.430150,24.441330
古崗樓,118.315580,24.394270
榕園,118.432010,24.443930
太武山,118.404330,24.457020
楓香林,118.443480,24.491380
榮湖,118.411600,24.485940
金沙水庫,118.407830,24.487820
蘭湖,118.382900,24.452010
慈湖,118.306750,24.468970
雙鯉湖,118.310300,24.477520
陵水湖,118.226170,24.424880
莒光湖,118.316490,24.435440
珠山古聚落,118.320520,24.401510
水頭聚落,118.299960,24.411470
黃廷參三落大厝,118.297170,24.410600
毋忘在莒,118.416110,24.463640
瓊林民防館(瓊林地下坑道),118.373070,24.455140
八二三戰役勝利紀念碑,118.436690,24.464790
古寧頭牌樓,118.315400,24.476530
八達樓子,118.245730,24.429980
勝利門,118.258660,24.426990
八二三砲戰勝利紀念碑,118.258870,24.427020
俞大維先生紀念館,118.431530,24.443040
乳山故壘,118.354040,24.438690
北山斷崖,118.314000,24.489160
馬山觀測所,118.408860,24.527710
湖下三間樓仔,118.304550,24.456240
陳清吉洋樓,118.442920,24.485800
碧月軒,118.389210,24.479330
陳德幸洋樓,118.440320,24.485670
水頭57地號洋樓(僑鄉文化展示館),118.298890,24.409590
薛永南兄弟大樓,118.320690,24.402630
陳景蘭洋樓,118.390090,24.437270
北山古洋樓,118.312560,24.479210
得月樓,118.298460,24.409670
黃輝煌洋樓,118.298700,24.409680
黃卓彬洋樓,118.414890,24.486210
金門陶瓷廠,118.408410,24.436470
慈湖三角堡,118.297600,24.465140
雄獅堡,118.310090,24.431520
鐵漢堡,118.255020,24.446840
魯王墓園,118.387110,24.447610
後浦陳氏祠堂,118.316860,24.432820
黃天露．黃文東宅,118.300490,24.409690
陳氏一落四櫸頭,118.443060,24.486520
陳氏古厝,118.320920,24.419400
十一世宗祠,118.373310,24.454020
六世及十世宗祠,118.374270,24.453520
護國寺,118.417290,24.439290
北極殿,118.409900,24.505900
象山金剛寺,118.388780,24.460330
泰安宮,118.311050,24.416350
沙美萬安堂,118.412020,24.491030
順濟宮,118.434550,24.419480
烈女廟,118.223080,24.418000
李將軍廟(上林將軍廟),118.228440,24.429060
浯島城隍廟,118.316170,24.432460
外武廟,118.316480,24.432160
北鎮廟,118.318980,24.433870
迴向殿,118.309520,24.404160
代天府,118.319640,24.431070
古地城隍廟,118.316790,24.416580
武帝古廟,118.306590,24.399200
寶月庵,118.306520,24.399150
代天府(代天廟),118.316310,24.439520
忠烈祠,118.313400,24.478200
李光前將軍廟,118.316850,24.468450
北嶽廟,118.433820,24.500850
會山寺,118.434700,24.490300
靈濟寺,118.318460,24.431750
武廟,118.316640,24.433490
獅山砲陣地,118.437070,24.503960
金城民防坑道,118.320120,24.433190
慰廬,118.432120,24.443910
金門酒廠,118.342960,24.430940
模範街,118.319150,24.431790
楊氏明馨祖祠暨楊清廉紀念館,118.341470,24.455430
瓊林戰鬥坑道,118.372910,24.455180
金門縣農業試驗所,118.447120,24.446470
柳營營區,118.379700,24.437860
林厝砲陣地(金門和平紀念園區),118.316450,24.476060
北山播音牆,118.314960,24.487470
金門文化園區,118.403410,24.498880
金東電影院,118.427210,24.479030
同安渡船頭,118.309110,24.437660
沙美老街,118.413460,24.489460
瓊林聚落,118.373120,24.454400
後浦16藝文特區(陳氏宗祠),118.317010,24.432780
陽翟大街,118.426000,24.479000
羅寶田神父紀念園區,118.419000,24.438000
浯江書院,118.317040,24.434240
金城海濱休閒公園,118.310270,24.430200
(土反)里古厝,119.974330,26.216110
雲臺山,119.923440,26.149960
蘇澳冷泉公園,121.851160,24.596550
豆腐岬風景區,121.871450,24.583830
南澳農場,121.788930,24.449410
南方澳南天宮(金媽祖、玉媽祖),121.864990,24.581880
蘇澳晉安宮(張公廟),121.850650,24.595760
頂寮生態公園,121.842680,24.639700
獅子公園,121.859670,24.588760
朝陽漁港,121.821050,24.460070
朝陽國家步道,121.819130,24.460750
南寧魚市場,121.869880,24.581600
砲台山風景區,121.856030,24.593670
南方澳跨港大橋,121.869520,24.585850
南方澳觀景台,121.866550,24.576820
七星嶺步道,121.851170,24.596560
蜡藝彩繪館,121.824530,24.630840
宜蘭餅發明館,121.829170,24.614470
東方纏工藝館,121.851000,24.592680
討海文化館,121.871840,24.585250
南方澳觀景台旁步道,121.866640,24.576610
蘇花公路107.6K步道,121.861510,24.577980
一米特創藝美食館,121.830570,24.616090
奇麗灣珍奶文化館,121.837110,24.634280
祝大漁物產文創館,121.866530,24.585330
橘之鄉蜜餞形象館,121.736930,24.779970
亞典蛋糕密碼館,121.731600,24.781010
吳沙故居,121.760240,24.787450
柴圍佃圳水門公園,121.754010,24.794220
金車蘭花園,121.784270,24.820780
宜蘭甲魚養殖場,121.776480,24.821280
金車鮮蝦養殖場,121.793350,24.817570
呂美麗精雕藝術館,121.783810,24.815510
二龍河,121.790520,24.810880
二五連水門公園,121.819240,24.829120
五峰旗瀑布,121.746440,24.832830
五峰旗聖母朝聖地,121.747250,24.829640
櫻花陵園,121.706050,24.806000
礁溪德陽宮,121.773220,24.826560
礁溪協天廟,121.769090,24.818540
湯戀物產館,121.770710,24.821000
猴洞坑瀑布,121.782660,24.841530
佛光大學校園,121.722100,24.816230
淡江大學蘭陽校園,121.728940,24.821950
林美石磐步道,121.733650,24.827060
礁溪高爾夫球場,121.740530,24.826080
林美金棗文化館,121.749480,24.814760
玉清宮,121.749780,24.804840
龍潭湖風景區,121.740610,24.796410
幾米廣場,121.757090,24.752830
東門夜市,121.757940,24.758180
頭城老街,121.824160,24.856960
永鎮海濱公園,121.816750,24.776040
東港榕樹公園,121.826990,24.717190
羅東夜市,121.769640,24.676850
羅東運動公園,121.753050,24.681120
宜蘭河濱公園,121.755800,24.764860
天送埤車站,121.619770,24.662570
清水地熱公園,121.636380,24.611820
寒溪吊橋,121.687720,24.612160
石牌縣界公園,121.775300,24.865110
中興文化創意園區,121.769730,24.694310
宜蘭運動公園,121.752740,24.737980
宜蘭伯朗大道,121.814080,24.645460
冬山河生態綠舟(冬山河森林公園),121.788530,24.638800
宜蘭文學館,121.749450,24.755080
宜蘭美術館,121.751900,24.754800
宜蘭酒廠(甲子蘭酒文物館),121.749410,24.756300
二結庄生活文化館,121.768920,24.708360
安農溪自行車道,121.650130,24.659690
蘭陽溪自行車道,121.828200,24.717400
冬山河自行車道,121.809830,24.667070
雙連埤野生動物保護區,121.640370,24.750220
蜊埤湖,121.697190,24.755310
明池森林遊樂區,121.473220,24.650740
棲蘭森林遊樂區,121.493210,24.580780
烏石港遊客中心,121.834840,24.869260
清水大閘門,121.831780,24.692300
外澳海灘,121.841670,24.874350
仁山植物園,121.759330,24.625380
梅花湖,121.732700,24.643030
新寮瀑布,121.744510,24.601240
東岳湧泉,121.829810,24.524940
望龍埤,121.698800,24.774390
長埤湖風景區,121.612170,24.645070
昭應宮,121.752830,24.757610
宜蘭磚窯,121.752110,24.767360
羅東林業文化園區,121.772550,24.684070
二結王公廟,121.769100,24.708700
道教總廟三清宮,121.731750,24.639480
奉尊宮,121.812960,24.644870
莎貝莉娜Sabelina,121.737180,24.777110
菌寶貝博物館,121.735570,24.776340
金車宜蘭威士忌酒廠,121.691800,24.713840
養蜂人家蜂采館,121.684600,24.708530
香草菲菲芳香植物博物館,121.682700,24.714640
幸福轉運站,121.756180,24.751730
九寮溪生態園區,121.602290,24.672090
清溝夜市,121.760960,24.661470
桃園火車站前商圈,121.313540,24.989210
桃園忠烈祠暨神社文化園區,121.325280,25.006290
景福宮,121.311020,24.994680
奧爾森林學堂,121.327560,25.001850
三民蝙蝠洞,121.350300,24.838100
基國派教堂,121.347650,24.840130
羅浮橋,121.366920,24.800370
拉拉山神木群,121.436780,24.709920
綠光森林,121.374980,24.817420
中央大學,121.195930,24.968430
竹圍漁港,121.244160,25.116860
觀音自行車道,121.127990,25.004200
甘泉寺,121.081640,25.037090
新屋綠色走廊,121.012150,24.969960
永安漁港,121.014510,24.988280
龍潭三水村茶園,121.161800,24.860770
龍潭聖蹟亭,121.207800,24.866480
八德三元宮,121.284580,24.930240
三坑老街,121.247990,24.843850
小粗坑古道,121.221490,24.812140
平鎮褒忠祠(義民廟),121.205000,24.947390
頭寮大池賞鳥,121.283020,24.836840
齋明寺古道,121.274870,24.889050
御成路古道,121.276990,24.884320
大溪老街,121.288670,24.884700
龜山第一河濱公園,121.329670,24.995810
五酒桶山步道,121.297110,25.066380
台灣高鐵桃園站,121.214860,25.012990
九斗有機農場,121.128770,24.960730
蓮座山觀音寺,121.280780,24.872100
白木屋品牌探索館,121.164410,24.927680
八德埤塘自然生態公園,121.311250,24.941660
青塘園,121.206100,25.005560
蘆竹五福宮,121.295160,25.053730
壽山巖觀音寺,121.366010,25.003370
大溪齋明寺,121.274590,24.888920
小烏來天空步道,121.375190,24.790640
石門十一份(石門水庫管理局前的石門大草坪),121.241650,24.835090
觀音濱海遊憩區(風車景觀),121.074660,25.046390
大溪河濱公園,121.283850,24.893310
頭寮經國紀念館 (大溪遊客中心),121.286250,24.848690
桃園1-4號生態埤塘,121.289560,24.979900
新勢公園,121.216670,24.951770
大古山步道,121.290330,25.101290
羊稠森林步道,121.302910,25.050690
長流美術館(桃園館),121.301680,25.049880
龍情‧魔幻豆子主題館,121.284750,24.848090
興仁夜市,121.283170,24.930760
霄裡大池(霄裡池),121.254010,24.911970
許厝港濕地,121.175590,25.087860
中壢觀光夜市,121.215240,24.960850
中原夜市商圈,121.240620,24.955430
桃園觀光夜市,121.306330,25.002890
孔廟,121.327620,25.000990
楓樹坑,121.342360,25.013720
忠貞商圈,121.253470,24.930010
比亞外部落,121.356380,24.724540
義興吊橋,121.366830,24.790310
富岡老街,121.082270,24.936420
秀才登山步道,121.138010,24.887090
大平紅橋,121.245550,24.831220
巴陵橋(巴陵大橋、巴陵舊橋),121.377980,24.681070
泉園休閒農場,121.274980,25.096130
耀輝牧場,121.122810,24.917400
圓光禪寺,121.194810,25.002100
桃園國際棒球場,121.201560,25.000330
楓樹腳公園,121.297170,24.935370
大園公園,121.193920,25.065860
大溪埔頂公園,121.281520,24.905660
三坑自然生態公園,121.257380,24.838950
大溪橋,121.283900,24.884820
龍潭區佳安村、建國路123巷,121.239010,24.832150
龍岡國旗屋,121.254120,24.928970
中壢六和商圈,121.224200,24.962150
龜山楓樹坑步道,121.343250,25.006330
虎頭山公園,121.330020,24.999960
龍岡清真寺,121.253650,24.930050
中壢老街溪步道,121.215030,24.950530
三龜戲水,121.392780,24.683280
大慶洞,121.285210,24.886240
爺亨梯田,121.381510,24.674340
龍元宮商圈,121.213930,24.865280
阿姆坪薑母島,121.304910,24.813750
歐萊德綠建築總部,121.210980,24.840680
福源茶廠,121.193490,24.863050
渴望園區,121.184760,24.838850
水牛書店,121.102890,24.971500
八德茄苳霄裡陽光鐵馬道,121.264650,24.936220
大艽芎古道,121.284530,24.839920
大漢橋,121.404570,24.674730
霞雲村生態池、鐵木瀑布,121.384130,24.816700
石門山步道,121.237340,24.820590
羅馬公路自行車路線,121.312380,24.796090
角板山形象商圈,121.351010,24.819910
彩韻廣場,121.286880,25.002600
新屋百年石滬群,120.989510,24.948240
龍岡森林公園,121.235750,24.933910
南崁溪水岸自行車道,121.287320,25.046420
桃園中正藝文特區商圈,121.298590,25.016140
虎頭山公園全齡友善步道,121.327190,25.001850
溪口部落,121.351300,24.802740
石門水庫步道,121.239220,24.813280
北橫公路自行車路線,121.289090,24.884560
大棟山登山步道,121.357880,24.992700
荒野夢二,121.308350,25.001310
桃園慈護宮,121.306700,24.988820
赫威神木群,121.437550,24.790360
乳姑山,121.183660,24.868430
國立體育大學,121.386670,25.032030
茄苳里埤塘公園,121.272640,24.965570
魅力金三角形象商圈,121.253010,24.929820
雲南文化公園,121.255060,24.928720
德馨堂,121.285820,25.079410
外社輕便車站,121.305690,25.082330
黃光來溫室水蜜桃園(段木香菇園),121.302310,24.579890
深井邱家茶花園,120.941340,24.727220
連星園驛站,121.024910,24.883390
銀絲瀑布,121.132270,24.635210
白蘭休閒農業區,121.106410,24.608720
雙豐宮,120.990460,24.765520
竹北市民農園,120.997990,24.842020
富茂蘭園,121.033210,24.842910
雙園休閒農場,121.029790,24.828180
武中眼科舊址,121.141480,24.716820
大旗棟古道,121.144780,24.702150
甘家渤海堂,121.101370,24.692740
竹北蓮花寺溼地,120.961620,24.876590
文珍果園,120.708320,23.827990
鳥嘴山露營場,121.067910,24.663140
南埔大橋,121.077990,24.651220
雲霧步道,121.101460,24.627520
關西蝙蝠洞,121.240030,24.766510
坪林登山步道,121.183330,24.800010
后厝龍鳳宮,120.866590,24.693540
五穀先帝廟,120.883740,24.688580
中港慈裕宮,120.863750,24.682290
永和山自行車觀光園道,120.924580,24.661930
竹南龍鳳漁港,120.858670,24.699910
五榖先帝廟,120.955480,24.655260
ーㄚ箱寶,120.774610,24.411690
龍騰斷橋,120.773830,24.358440
鯉魚潭水庫,120.773210,24.337120
荷蘭木鞋彩繪屋,120.769160,24.412580
挑炭古道,120.743720,24.422750
大興善寺,120.759720,24.447960
水美木雕街,120.762960,24.400730
四方牧場,120.891850,24.721630
鳳龍山觀音寺,120.748570,24.355960
苗北藝文中心,120.885910,24.690730
崎頂隧道,120.870320,24.721250
關刀山步道,120.810810,24.375290
永和山水庫,120.924620,24.661920
和豐農園,120.935560,24.642810
永和山茶廠,120.930260,24.630520
紅樹林生態保護區,120.843370,24.666500
濱海森林公園,120.853140,24.694730
白沙屯拱天宮,120.709100,24.571470
豐田休閒農場,120.901010,24.726740
媽祖石雕,120.756130,24.559070
大湖草莓文化館,120.868150,24.428920
十分崠步道,120.864240,24.413370
南昌宮,120.867250,24.400070
法雲寺古道,120.860210,24.459160
馬那邦山登山步道,120.914290,24.368710
雪霸國家公園,120.878340,24.450250
聖衡宮,120.825510,24.387670
鷂婆山觀光農業區,120.881470,24.441510
台灣油礦陳列館,120.856340,24.460010
八角崠登山步道,120.841250,24.495260
行修寺,120.841280,24.495490
太陽宮,120.912950,24.686200
福村養生農園,120.847760,24.466770
苑港觀光漁港,120.648900,24.460070
慈和宮,120.654560,24.447080
荒木藝術中心,120.673490,24.480290
彙古陶邑,120.727700,24.425380
馬家庄,120.728350,24.492540
大山車站,120.803770,24.645640
外埔漁港,120.773100,24.650020
汶水老街,120.875480,24.457170
石觀音,120.890860,24.542400
日新島,120.890840,24.588120
象山孔廟,120.864620,24.575160
徐府竹仔閣,120.849080,24.579490
隘寮頂步道,121.226040,24.897240
仙山靈洞宮,120.948500,24.541910
虎頭崁古道,120.739590,24.463360
蓬萊溪護魚步道,120.971910,24.551100
永貞宮,120.885150,24.679350
義民廟,120.910080,24.685320
燕巢岩壁與一字屋,120.910170,24.664420
楊統領廟,120.909090,24.682320
頭份後花園,120.942710,24.681860
盛隆牧場,120.795330,24.551660
藺草文化館,120.685830,24.414310
紙湖農場,120.940610,24.579920
泉明生態教育蠶業農場,120.927320,24.551780
南庄文化會館,120.999140,24.600020
神仙谷,121.030480,24.545670
墨硯山古道,120.847730,24.560010
彎麗愛情果園(苑裡鎮農會),120.685870,24.413280
火炎山溫泉遊樂區,120.693970,24.405490
全國花園高爾夫球場,120.720120,24.393640
貓貍山公園,120.812090,24.556760
桐花公園 客家大院,120.801170,24.471480
陶蝶H,120.757850,24.558690
永春宮,120.911670,24.589340
鳴鳳古道,120.910750,24.545070
濟世宮,120.888340,24.564330
大化宮,120.942690,24.681280
雙峰山,120.790360,24.447440
大補內彈珠汽水觀光工廠,120.794230,24.480090
挑鹽古道,120.748010,24.444770
仙山登山步道,120.949230,24.541150
仙山農場,120.947710,24.538890
弘法院,120.882560,24.467880
清泉農場,120.927300,24.532620
獅潭村史博物館,120.922250,24.542270
義民廟,120.921800,24.542650
親水公園,120.928530,24.558800
觀魚步道,120.918360,24.534970
木頭窯,120.893470,24.623180
龍昇湖,120.825370,24.634340
劍潭水庫,120.901280,24.624140
劍潭古道,120.901200,24.624590
口山步道,120.864240,24.637490
鄭漢步道,120.846530,24.649060
天賜自然生態園區,120.833650,24.621520
牛奶的故鄉,120.840770,24.609760
造橋木炭博物館,120.875930,24.635600
通霄神社,120.684870,24.493770
建民農場,120.743590,24.426840
典藏陶藝農場,120.740740,24.422400
橫龍古道,120.968580,24.470180
房裡溪義渡亭,120.646670,24.435000
卓蘭西坪花藝園區自行車道,120.825970,24.332750
白布帆峽谷,120.910590,24.294390
軍民廟,120.834300,24.310900
峨崙廟,120.826020,24.311140
罩蘭藝文中心,120.831970,24.312960
果然教育農場,120.857090,24.298800
松原農庄,120.864150,24.297860
台三菓香創意農場,120.825880,24.334130
金龍窯,120.779720,24.514750
宣王宮,120.745140,24.531360
茅仔埔青錢第,120.757060,24.532640
彭城劉氏宗祠,120.750850,24.528960
湖東休閒農場區,120.759520,24.572060
鄉野傳奇休閒農園,120.761320,24.564390
秘密花園,120.781040,24.550210
鐵路博物館,120.821910,24.567720
維新客家文物館,120.824740,24.553570
鬍鬚梅園文物館,121.007340,24.599980
夏威夷紅芭樂觀光農園,120.720620,24.402860
東里家風-百年古厝,120.677500,24.409820
獅潭鄉文化會館,120.921500,24.540900
三山國王廟,120.848290,24.574420
中山堂&中正館,120.913030,24.686310
白西社區,120.706970,24.565520
黃金小鎮,120.827460,24.479620
光天高山步道,121.033040,24.583610
南天古道,121.000330,24.597060
哈堪尼山登山步道,121.000360,24.597160
南庄老街(桂花巷),120.998780,24.598890
神桌山登山步道,120.990540,24.591320
鹿場,121.027510,24.540540
獅頭山古道,121.010360,24.640800
鹿加古道,121.027480,24.540340
白雲寺玉皇宮,120.994010,24.634540
永和山褒忠祠,120.923880,24.638530
半天寮好望角,120.737910,24.604080
台灣水牛城,120.768080,24.587340
媽靈宮,120.724990,24.586690
慈雲宮,120.786880,24.614540
蔡家古厝,120.647100,24.435240
玉清宮,120.826190,24.565090
壢西坪休閒農業區,120.824980,24.332940
泰安出火部落廣場,120.932220,24.388800
苗栗客家圓樓,120.826250,24.607560
過港貝化石層,120.844750,24.669730
同興老街,120.763470,24.610710
鄭崇和墓園,120.780180,24.601750
幸褔牧場,120.691240,24.520680
火炭谷休閒農場,120.875900,24.635620
海清宮,120.153250,23.657130
四湖海岸植物園,120.176960,23.674940
朴子市南竹里原創插畫彩繪村,120.240530,23.416300
林業試驗所中埔研究中心,120.448500,23.488990
太保精緻溫室農業,120.332300,23.458040
山靈,120.293010,23.464600
國立故宮博物院南部院區,120.292700,23.472780
福靈宮鐵嘴將軍,120.172260,23.470980
千年蝙蝠洞,120.663700,23.535900
青年嶺,120.664200,23.538240
燕子崖,120.665300,23.535700
二尖山,120.618900,23.583960
禪林寺,120.563900,23.581080
大窯觀日台,120.679210,23.559530
三十六彎,120.596300,23.562530
太平風景區,120.603300,23.559820
太和風景區,120.724600,23.539320
雲潭瀑布,120.655800,23.534170
太興休閒農業園區,120.634300,23.550160
楓林峽,120.685400,23.505840
奮起湖老街,120.694900,23.505060
靈嚴寺,120.603000,23.474670
縣定古蹟奮起湖車庫,120.694500,23.504800
龍雲休閒農場,120.701200,23.482440
大坑凌雲岩登山步道,120.587400,23.560380
吳鳳故居,120.511600,23.497660
塘湖登山步道,120.680200,23.485730
德源禪寺,120.513500,23.496830
獨立山古道,120.595600,23.524230
瑞峰龍宮瀑布,120.657280,23.553540
光華社區(頂笨仔)五星三古,120.674690,23.478020
茶鄉濃情展示館,120.558770,23.581610
梅問屋梅子元氣館,120.550860,23.586750
大林糖廠,120.457400,23.611270
南華大學,120.494300,23.569310
隆天宮,120.483300,23.616220
昭慶禪寺,120.446200,23.596980
八仙山寶林禪寺,120.504000,23.540930
慶誠宮,120.429600,23.556400
三疊溪天臺殿,120.438450,23.587510
開元殿,120.374700,23.603620
溪口鄉文化生活館,120.393240,23.603120
虎頭崁碑,120.493200,23.534430
民雄金桔觀光工廠,120.476700,23.558170
溪口老街,120.398040,23.604530
明華溼地,120.445220,23.598010
社團國小-諸羅樹蛙,120.495710,23.617650
達娜伊谷生態園區,120.677500,23.383010
特富野古道,120.759300,23.463780
二萬平風景區,120.789800,23.508070
仙井瀑布,120.640650,23.434830
梅園,120.802100,23.508900
沼平公園,120.861400,23.450030
祝山觀日平台,120.798200,23.554670
觸口自然教育中心,120.559550,23.453120
東洋棕梠湖高爾夫球場,120.536160,23.464130
石硦林場,120.570720,23.407100
嘉義童年渡假村,120.535980,23.472950
白馬亭,120.602110,23.291860
石棹,120.697100,23.475680
大潭村精忠廟,120.370300,23.552390
古笨港縣丞署,120.346500,23.557390
頂菜園鄉土館,120.323800,23.562960
登雲書院遺址,120.350400,23.553620
嘉義縣自然史教育館,120.344900,23.555820
歷史建築新港台糖復興鐵橋,120.347400,23.551850
新港鐵路公園,120.345900,23.552990
新港三朵花的動人故事,120.313320,23.570240
縣定古蹟奉天宮,120.347900,23.556520
板陶窯,120.231800,23.294560
縣定古蹟六興宮,120.334600,23.513740
板頭社區舊河道文化會館,120.323100,23.564870
七步迴音谷,120.684000,23.544750
劉家古樓,120.426200,23.530380
縣定古蹟大興宮,120.346660,23.557590
國定古蹟水仙宮,120.308800,23.561810
新港香藝文化館,120.351150,23.537290
斯比斯比鐵達尼峭岩,120.735200,23.531520
福美吊橋,120.673390,23.376830
優遊吧斯鄒族文化部落,120.698820,23.462420
阿里山森林遊樂區,120.802170,23.508850
老楊方城市觀光工廠,120.510270,23.583340
朴子溪自行車道,120.299700,23.479470
朴子藝術公園,120.253650,23.466660
德興里老厝,120.262940,23.473180
牛挑灣埤生態公園,120.255670,23.408790
鐵支路公園,120.241240,23.463310
縣定古蹟朴子水塔,120.250410,23.468380
日常,120.293240,23.463340
四腳獸,120.294250,23.468350
松卡,120.293780,23.466210
六家佃長壽橋,120.295910,23.482410
王得祿將軍墓,120.307520,23.521830
慈化寺,120.244350,23.334280
縣定古蹟義竹翁清江宅,120.243470,23.334230
修緣禪寺,120.244440,23.334330
太聖宮,120.137930,23.338360
布袋遊艇港,120.152780,23.384680
布袋鹽場,120.169400,23.381110
布袋觀光漁市,120.155600,23.379720
好美寮自然生態保護區,120.131190,23.363000
新塭嘉應廟,120.160300,23.326950
歷史建築貞愛親王殿下御上陸紀念之碑,120.156900,23.378070
布袋漁港,120.158280,23.381450
新塭滯洪池,120.169570,23.319330
鰲鼓溼地,120.147670,23.507660
風吹嶺,120.538090,23.228970
笨港口港口宮,120.186050,23.495410
朴子溪河口濕地,120.175700,23.459130
余順豐花生觀光工廠,120.222600,23.466120
龍隱寺,120.607000,23.438580
仁義潭水庫,120.512100,23.460680
情人公園,120.589580,23.301950
縣定古蹟吳鳳廟,120.541250,23.446040
樂野,120.701970,23.468530
茶山部落,120.664600,23.298980
來吉部落,120.739700,23.530740
縣定古蹟樹靈塔,120.803900,23.510250
二延平山,120.651930,23.418750
竹崎公園,120.546900,23.524100
南靖糖廠,120.382900,23.415260
徐徐品創,120.560810,23.582100
大士爺廟,120.429200,23.556210
中央廣播電台民雄分台日式招待所,120.429740,23.560310
魚寮遺址,120.352140,23.482350
配天宮,120.245300,23.467760
五穀王廟,120.450400,23.561980
碧湖山觀光茶園,120.621960,23.569770
奮起湖風景區,120.694500,23.504620
奮起湖神社遺址,120.454400,22.467020
縣定古蹟紫雲寺,120.595340,23.462310
隙頂休閒步道區,120.596900,23.463330
半天岩,120.593150,23.462250
大埔運動公園,120.593700,23.294920
南崙彩繪村,120.354250,23.590780
北崙彩繪村,120.357400,23.592480
三界埔社區,120.477800,23.433590
生力農場,120.664410,23.431670
紫雲社區童玩館,120.551470,23.481840
達邦遊客中心與鄒族自然文化中心,120.748840,23.453980
隙頂之星步道,120.652440,23.423430
太平社區,120.603200,23.560680
巃頂步道,120.672370,23.441010
蘭后山莊鄒族文物館,120.745300,23.519110
石夢谷,120.746040,23.576610
板頭社區,120.319100,23.568640
霧茶雲霞櫻步道,120.702740,23.474090
頂湖步道,120.718760,23.490230
東石自然生態展示館,120.160750,23.508990
蛟龍大瀑布,120.767810,23.543980
嘉義酒類文物館,120.446100,23.520710
縣定古蹟東石郡役所,120.246400,23.465190
荷苞嶼生態園區,120.282620,23.445360
野薑花溪步道,120.671800,23.539420
草蘭溪攔沙壩大瀑布,120.648000,23.296280
坪林風景區,120.617900,23.250250
曾文寺七寶塔,120.599900,23.295370
國立中正大學,120.475200,23.562610
嘉義縣表演藝術中心,120.431800,23.543620
蕭武龍交趾陶,120.420000,23.540000
大崙社區,120.360800,23.445720
頂塗溝蝴蝶村,120.370400,23.458680
南靖火車站,120.386440,23.413520
牛將軍廟,120.387830,23.496200
聖恩宮,120.386700,23.487780
中寮安溪城隍廟,120.315400,23.397550
船仔頭藝術村,120.225000,23.470440
歷史建築後寮羅氏宗祠,120.362500,23.411280
朴子溪生態,120.176390,23.459620
保鹿自行車道,120.376040,23.409910
鹿草西瓜產銷班,120.307980,23.410420
相逢瀑布,120.621560,23.555150
菁埔彩繪村,120.398680,23.556580
天木,120.322610,23.457280
天書,120.292620,23.462480
生命之舞,120.283160,23.466260
舉杯邀樂,120.294000,23.468740
穿梭神木之間,120.280920,23.466740
文化磁場中的位子,120.294120,23.467650
潭墘社區,120.279090,23.506120
蒜頭社區,120.292090,23.493250
梅山農會農村文化館,120.558970,23.581370
天龍古道,121.042260,23.173180
利稻部落,121.021800,23.187160
埡口,120.962370,23.264340
摩天嶺,121.022770,23.193360
霧鹿古砲台,121.040440,23.169880
新武呂溪保護區,121.118520,23.133890
布農族文物館,121.175460,23.097840
轆轆溫泉,121.055780,23.124630
栗松溫泉,121.037200,23.197910
碧山溫泉,121.034480,23.172310
初來抗日紀念碑,121.173380,23.116680
逢坂抗日紀念碑,121.140300,23.133520
嘉明湖,121.034260,23.292910
新武路峽,121.127650,23.137090
六口溫泉,121.029920,23.175200
布農部落文化園區,121.091000,22.907060
卑南上圳,121.057170,22.877340
蝴蝶谷,121.085000,22.915750
撒布優部落,121.003580,22.631810
土坂排灣族文藝社區,120.886160,22.454740
南田海岸親水公園,120.889650,22.281040
浸水營國家步道,120.876920,22.362600
大武臺灣油杉保護區,120.837760,22.389290
大坡池,121.224950,23.118540
台糖牧野渡假村,121.199830,23.109150
杜園,121.212460,23.115810
臺東農場,121.210950,23.119350
稻米原鄉館,121.219180,23.097340
保安宮,121.220280,23.098700
萬安禾鴨生態池,121.220390,23.089410
池上浮圳,121.211600,23.108510
三號運動公園,121.212200,23.121540
關山親水公園,121.173890,23.040000
關山舊火車站,121.164660,23.046820
關山大圳,121.174890,23.116730
鹿野高台觀光茶園,121.124480,22.926180
鹿鳴吊橋,121.094610,22.891160
鹿野高台飛行傘區,121.119050,22.912920
龍田村,121.119040,22.905550
武陵綠色隧道,121.125300,22.959420
新良人工濕地,121.156430,22.930860
龍田慈濟苦楝樹,121.120450,22.904060
馬背調整池水利公園,121.115840,22.920430
永安玉龍泉步道,121.121700,22.932560
小黃山,121.123190,22.821440
臺東原生應用植物園,121.104070,22.853180
白玉瀑布,121.016980,22.688110
知本圳親水公園,121.017430,22.694930
利吉惡地,121.138120,22.815420
富山復魚區,121.186710,22.837500
知本溫泉,121.018120,22.693040
清覺寺,121.006710,22.692770
知本福靈宮,121.020570,22.694940
達魯瑪克部落,121.043860,22.763990
利嘉林道,121.064720,22.803680
四格山,121.109250,22.809930
綠色隧道,121.110300,22.789280
賓朗(檳榔)舊火車站,121.092730,22.808370
加路蘭遊憩區,121.196930,22.806990
天后宮,121.155700,22.756770
臺東觀光夜市,121.147490,22.755880
海山寺,121.157290,22.752970
國際地標(海濱公園),121.157530,22.749230
鯉魚山公園,121.143550,22.753270
臺東美術館,121.149960,22.764360
臺東鐵道藝術村,121.146900,22.752400
臺東舊鐵道路廊,121.145100,22.753730
卑南大圳水利公園,121.132790,22.806860
水往上流奇觀,121.218110,22.868490
東河休閒農場,121.299950,23.074400
東河橋風景區,121.305010,22.976150
金樽遊憩區,121.280120,22.945480
泰源幽谷,121.295220,22.989060
都蘭遺址,121.219260,22.885070
登仙橋遊憩區,121.294920,22.989070
都蘭山登山步道,121.179610,22.872540
加母子灣,121.210190,22.864160
月光小棧遊憩區,121.210570,22.887500
臺東縣自然史教育館,121.393410,23.120530
石雨傘,121.403350,23.177250
成功漁港,121.380590,23.098120
新港(彩虹)瀑布,121.343620,23.129010
白守蓮海濱公園,121.398000,23.132900
山地人祖先發祥地碑,121.033190,22.668010
金針山休閒農業區,120.976000,22.625940
金崙溫泉風景區,120.941590,22.531610
千禧曙光紀念園區,121.010690,22.616800
三和海濱公園,121.035730,22.669930
大武漁港,120.893990,22.339630
金龍湖,120.890270,22.352570
大武國家森林步道,120.903600,22.358120
山豬窟休閒農場,120.874360,22.330390
烏石鼻,121.417200,23.227450
忠勇遺址,121.437740,23.325680
玉長公路,121.416910,23.247010
舊樟原橋遊憩區,121.479620,23.400560
臺東航空站,121.106040,22.757080
人權紀念公園,121.495270,22.673960
大白沙,121.494110,22.638210
海參坪,121.504930,22.658190
牛頭山,121.507250,22.676790
石朗潛水區,121.474540,22.655770
帆船鼻,121.506940,22.635380
南寮漁港,121.475010,22.658620
柚子湖,121.509050,22.666300
馬蹄橋,121.489960,22.641030
將軍岩,121.495130,22.676630
綠島朝日溫泉,121.504620,22.636800
紫坪,121.499420,22.634760
綠島遊客中心,121.468430,22.671960
樓門岩,121.513120,22.680580
露營區,121.497550,22.637540
觀音洞,121.506560,22.671380
過山步道,121.487330,22.650690
過山古道,121.487240,22.651280
梅花鹿園區,121.497030,22.666260
紅頭岩,121.500280,22.079810
八代灣,121.546610,22.026200
五孔洞,121.510720,22.080550
玉女岩,121.517500,22.080660
東清灣,121.565470,22.047580
軍艦岩,121.579610,22.079020
野銀舊部落,121.566450,22.037380
朗島村雅美族穴居屋,121.530700,22.078140
情人洞,121.574160,22.061630
開元港,121.508180,22.057680
龍頭岩,121.588500,22.001870
雙獅岩,121.567280,22.085140
饅頭岩,121.509380,22.046090
蘭嶼燈塔,121.502980,22.081020
青青草原,121.573170,22.006150
大天池,121.572790,22.020870
蘭嶼氣象站,121.558360,22.037220
金樽漁港,121.293650,22.955660
男人石,121.399480,23.178050
成廣澳文化地景(廣恆發遺跡),121.403010,23.160790
成廣澳天后宮,121.402120,23.160230
樟原長老教會,121.483760,23.416710
石門長濱自行車道,121.451050,23.314420
伯朗大道,121.215990,23.099340
瑪洛阿瀧部落,121.307090,22.973610
基翬漁港,121.397010,23.117470
玉髓沙灘,121.448150,23.310950
中正路飯包路,121.219740,23.125850
忠勇社區自行車道,121.454810,23.316940
比西里岸(白守蓮部落),121.400790,23.128810
寧城宮,121.418650,23.259620
關山米國學校,121.168740,23.061020
霧鹿峽谷,121.039510,23.174390
卡地布文化園區,121.054820,22.707940
知本天主堂,121.049370,22.706700
馬蘭車站,121.129110,22.765510
臺東車站,121.123160,22.793710
建和社區(射馬干部落),121.051960,22.718920
臺東環市自行車道,121.145160,22.753660
知本林道,121.027160,22.708160
千年夫妻樹,121.075530,22.839670
樂山休閒農場,121.003950,22.685950
鹿野龍田自行車道,121.116090,22.904090
崑慈堂,121.120480,22.904560
清河堂休閒農業區,121.217420,23.096670
柴口浮潛區,121.482680,22.677390
綠洲山莊,121.496430,22.674730
富源觀景台,121.152140,22.828590
寶町藝文中心,121.153160,22.757970
麻荖漏步道,121.347480,23.129840
萬安磚窯廠,121.219470,23.095770
中寮漁港,121.472760,22.675390
VuVu野菜農園,120.864900,22.281410
公東高工聖堂大樓,121.135830,22.767740
​池上環圳自行車道,121.221820,23.117090
知本忠義堂,121.016590,22.692470
泰安部落／大巴六九部落,121.066070,22.800550
下賓朗部落,121.095660,22.805070
南王部落,121.114020,22.786910
石山部落,121.160160,22.784540
霧鹿部落,121.039730,23.169230
大坡部落,121.230210,23.122540
電光部落,121.172950,23.006090
鸞山部落(森林博物館),121.152120,22.899330
永昌部落,121.137460,22.931480
巴喜告部落(桃源部落),121.084160,22.902320
紅葉部落,121.063210,22.893630
初鹿部落,121.091280,22.857500
新化部落,120.858730,22.380190
利吉部落,121.150880,22.852090
樟原部落,121.483750,23.416710
真柄部落,121.464850,23.343490
宜灣部落,121.399940,23.211790
都蘭部落,121.224840,22.877060
莿桐部落,121.188940,22.821510
瀧部落,120.955400,22.509660
巴沙哇力部落,121.187460,22.793630
南田部落,120.890920,22.272330
土坂部落,120.886430,22.454520
森永部落,120.864840,22.282650
拉勞蘭部落,120.988610,22.575780
大武濱海公園,120.907090,22.359170
宜灣卡片教堂,121.396890,23.208220
南竹湖部落,121.421450,23.276570
都歷部落,121.330410,23.029710
嘉蘭部落,120.961750,22.595290
天際航空──飛行啟蒙基地(飛行學校),121.136540,22.945840
山里火車站,121.138030,22.862040
金剛大道,121.456170,23.330990
太平溪人工濕地,121.140170,22.750160
華源海灣,121.029090,22.662710
大武彩虹街,120.906810,22.358990
睡美人岩,121.507540,22.654410
哈巴狗岩,121.509620,22.654370
烏油窟,121.466620,22.676970
臺東糖廠,121.129210,22.767330
鹿野神社,121.120490,22.904810
阿底旦文化故事館,120.958850,22.508230
成功故事館,121.379490,23.100280
成功海洋文化生活圈,121.380780,23.105220
萬安社區有機美學文化生活圈,121.215190,23.122300
臺東縣立體育場,121.144590,22.751280
大峰峰火山頸,121.495010,23.433740
長光遺址,121.459500,23.328840
蕃薯寮,121.555280,23.746830
和南寺,121.598740,23.876520
月洞遊憩區,121.507730,23.480050
芭崎眺望台,121.558570,23.731340
池南國家森林遊樂區,121.502010,23.918210
佐倉步道,121.576530,24.018590
楓林步道,121.548270,23.969480
初英親水生態公園,121.542190,23.954560
蓮城蓮花園,121.544910,23.956880
赤柯山,121.374690,23.391300
明利飛行傘起飛場,121.392900,23.705760
鐵份瀑布,121.350860,23.350900
新城天主堂,121.649800,24.128100
慈濟靜思精舍,121.601470,24.054580
米棧古道,121.524870,23.798890
荖溪、白鮑溪親水園區,121.511080,23.889730
豐田移民村﹙菸樓﹚,121.507850,23.841090
花蓮觀光酒廠,121.636840,24.017620
向日廣場,121.638270,23.994670
美崙山公園,121.612820,23.991740
北濱公園,121.617440,23.978860
崙天遊憩區,121.266260,23.220830
馬太鞍濕地生態園區,121.409170,23.658040
和仁海灘,121.707590,24.230710
大禹嶺,121.312090,24.180530
關原雲海,121.338050,24.186630
新白楊服務站,121.432390,24.198260
西寶國小,121.482020,24.207850
石藝大街,121.609370,23.973770
南濱公園,121.610330,23.968420
錐麓古道,121.566590,24.172790
綠水合流,121.509140,24.180560
蓮花池,121.495040,24.215520
梅園竹村步道,121.483040,24.213780
布拉旦風景區(三棧),121.606420,24.104260
南安瀑布,121.247800,23.311740
七星潭自行車道,121.631970,24.026740
鶴岡文旦觀光果園,121.398940,23.484550
虎頭山步道,121.353780,23.459150
瑞穗溫泉,121.344650,23.495420
紅葉溫泉,121.325550,23.490590
瑞穗牧場,121.346680,23.480040
青蓮寺,121.391350,23.490980
秀姑巒溪泛舟中心,121.401610,23.488130
奇美原住民文物館,121.446250,23.491690
掃叭石柱,121.359610,23.470670
北回歸線地標,121.358280,23.465500
舞鶴觀光茶園,121.354650,23.447880
月眉山步道,121.542260,23.814100
豐田碧蓮寺(中山公園),121.503290,23.841470
富興步道,121.402990,23.575840
富源步道,121.354890,23.588710
安通越嶺道西段步道,121.352490,23.278600
八通關越道鹿鳴吊橋步道,121.253540,23.317740
台肥海洋深層水園區,121.638670,24.007890
太平洋公園,121.607960,23.966350
花瓶嶼,121.946400,25.424160
彭佳嶼,122.077300,25.631620
棉花嶼,122.105600,25.485000
新竹火車站－站前廣場,120.971301,24.802119
新竹孔廟,120.978098,24.800195
新竹護城河(東門大溝)親水公園,120.970800,24.806284
竹塹城迎曦門(東門城迎曦門),120.970201,24.804310
新竹都城隍廟,120.965658,24.804398
竹蓮寺,120.969982,24.798817
金山寺﹝開臺金山寺﹞,121.015102,24.777461
國立清華大學,120.996919,24.796652
國立交通大學,120.999945,24.789257
國立新竹教育大學,120.965199,24.794512
中華大學,120.952410,24.757071
玄奘大學,120.944055,24.774734
元培科技大學,120.940515,24.777724
新竹港南濱海風景區,120.909863,24.822730
十七公里海岸風景區,120.923123,24.851511
南寮漁港(南寮舊港),120.930417,24.849556
麗池九曲橋,120.978709,24.801749
青草湖,120.971178,24.775396
十八尖山,120.986284,24.794955
高峰植物園,120.982363,24.788137
玻璃工藝博物館,120.977111,24.801262
進士第,120.965333,24.809472
新竹信用組合,120.967807,24.805957
張氏節孝坊,120.969923,24.816941
蘇氏節孝坊,120.971645,24.819630
新竹州市役所(新竹市美術館暨開拓館),120.970062,24.806433
新竹關帝廟,120.966623,24.802722
楊氏節孝坊,120.964563,24.803107
新竹州圖書館,120.971221,24.805250
新竹專賣局,120.972251,24.804071
國立新竹高中劍道館,120.981247,24.794049
鄭用錫墓,120.970948,24.787917
李錫金孝子坊,120.967417,24.780121
新竹神社殘跡(大陸人民處理中心),120.952789,24.792900
香山火車站,120.913918,24.763124
新竹市立動物園,120.979696,24.801525
新竹漁港,120.925140,24.848180
十七公里海岸風景區旅遊服務中心,120.928166,24.848946
看海公園,120.918762,24.834848
海天一線看海區,120.915420,24.832759
紅樹林公園,120.917829,24.808035
風情海岸,120.914522,24.778881
海山漁港觀海台,120.901451,24.767067
南港賞鳥區,120.894024,24.743345
變葉木步道,120.986295,24.795316
桂花巷,120.980008,24.790806
幸福亭,120.985565,24.793385
觀音亭,120.984712,24.792467
國父百年紀念亭,120.984798,24.792532
動力基準站,120.986725,24.793805
十九公頃青青草原,120.925516,24.772805
情草原(第一草原),120.931643,24.772635
公草原(第二草原),120.929486,24.767759
九草原(第三草原),120.932318,24.768879
十草原(櫻花草原),120.937865,24.767320
水水公園,120.926497,24.772269
鳳凰橋,120.969493,24.775457
映月橋,120.971602,24.775479
生態教育平台,120.971716,24.774874
于飛島(鳥島),120.971808,24.774943
青草湖靈隱寺,120.973377,24.770857
青草湖風景紀念碑,120.969526,24.775099
天公壇公園吊橋,120.958274,24.798627
進益摃丸文化會館,120.965918,24.805659
風城願景館,120.976894,24.800738
金城湖賞鳥區,120.907545,24.812057
香山溼地,120.914090,24.778884
科技生活館,121.005454,24.779833
北門大街,120.966092,24.805138
清大夜市,120.998272,24.796641
新竹公園(中山公園),120.977132,24.801246
金城湖,120.909986,24.809950
古奇峰,120.978893,24.780382
海山漁港,120.903231,24.764602
空軍村11村,120.978995,24.801763
巨龍山莊,121.549770,24.898240
國際岩湯,121.551420,24.863360
奇峰石溫泉山莊,121.597060,25.209340
香草花源溫泉養生館,121.648080,25.211360
伊豆商店,121.550950,24.861770
永和樂華夜市,121.509110,25.010480
樹林夜市,121.424760,24.989320
新莊廟街夜市,121.450820,25.033640
蘆洲廟口夜市(形象商圈),121.471350,25.083260
鶯歌南雅路夜市,121.350010,24.950010
凌雲禪寺,121.425410,25.127580
大板根森林遊樂區,121.404090,24.868030
三峽歷史文物館,121.369340,24.934450
石門洞,121.568850,25.296280
烘爐地南山福德宮,121.499660,24.971910
淺水灣海濱公園,121.469910,25.251470
板橋火車站旅遊服務中心,121.463370,25.014330
瑞芳火車站旅遊服務中心,121.806230,25.108710
雲仙樂園,121.551290,24.848830
紅樹林自然保留區,121.455630,25.156850
淡水老街,121.438550,25.171030
烏來溫泉,121.550340,24.863410
十八王公廟,121.586230,25.292040
法鼓山,121.614880,25.239840
鄞山寺,121.448550,25.169250
八里風帆碼頭,121.422750,25.163720
文昌祠,121.454940,25.034460
新莊廣福宮,121.455260,25.035610
武聖廟,121.450160,25.033620
新莊福德祠,121.454780,25.035240
新莊保元宮,121.459660,25.038060
新莊廟街商圈,121.450690,25.033910
响仁和鐘鼓廠,121.454280,25.036410
萬里瑪鍊文化館,121.688130,25.202910
音樂公園,121.480410,25.027670
接雲寺,121.454420,25.008910
大觀書社,121.455880,25.011150
板橋農村公園,121.470980,25.030260
枋橋建學碑,121.458260,25.010840
板橋石雕公園,121.469440,25.030230
瑪鋉漁港,121.696560,25.180660
東澳漁港,121.692650,25.203580
野柳漁港,121.687210,25.204990
風箏坪,121.662610,25.206720
板橋慈惠宮,121.457430,25.009410
野柳地質公園,121.690470,25.206410
萬里漁村生活館,121.689220,25.205190
湳仔溝自行車道,121.450590,24.997690
死囝仔窟,121.688050,25.204830
野柳燈塔,121.697250,25.213570
林添禎銅像,121.693610,25.208380
鄒家一條龍,121.649660,25.160280
浮洲藝術河濱公園,121.438540,24.996380
靈泉寺,121.609570,25.142510
雙興百香果園,121.649530,25.177060
風櫃嘴觀景台,121.602810,25.137160
天祥寶塔禪寺,121.650690,25.174890
江子翠河口景觀河濱公園,121.469870,25.036510
國聖仁和宮,121.689210,25.206280
新北市立板橋體育場,121.468510,25.010420
板橋第二運動場,121.456550,25.013230
金山慈護宮,121.640280,25.220920
芑豐居(李芑豐古宅),121.626470,25.230570
筠園-鄧麗君墓園,121.601330,25.248090
山佳河濱公園,121.380050,24.963050
金山青年活動中心,121.641070,25.227470
金山威靈宮,121.647210,25.223530
金山舊機場遺跡紀念碑,121.621050,25.230110
後村圳紀念碑,121.426090,24.980580
金包里大路(魚路古道),121.582670,25.170650
樹林抗日先烈十三公紀念墓園,121.430120,24.999520
豐林礦坑遺址,121.419470,24.995670
備內昭和礦坑,121.405810,24.991060
柑園里─林家古厝,121.405460,24.977530
東園里─鄭家古厝,121.399320,24.958510
石門峽,121.689280,25.067350
秀峰瀑布,121.664220,25.049110
北園里─陳家古厝,121.384440,24.957310
濟安宮,121.426970,24.993890
姜子頭展望臺,121.711390,25.052480
樹林區鎮南宮,121.427560,24.999040
茄苳瀑布,121.676080,25.053380
鹿窟事件紀念公園,121.665770,25.030160
樹林樹德宮,121.424770,24.989510
新山,121.633160,25.129940
大同山地母廟,121.406130,24.978140
樹林海明寺,121.410710,24.992380
鹿角溪帶狀公園,121.396070,24.971710
樹林客家藝文館,121.397260,24.972830
樹林車站,121.424610,24.991410
山仔腳公園,121.393890,24.971810
碧龍宮,121.364480,24.956430
宏德宮,121.356460,24.958190
烘爐窯,121.355020,24.953290
鶯歌窯陶瓷廣場－良之燒,121.348610,24.952030
二坑隧道,121.362510,24.959440
三聖宮,121.622610,25.053460
天秀宮,121.663150,25.052750
溝仔墘老街牌樓,121.431810,25.059940
金龍山北峰寺,121.631310,25.074270
下泰山巖,121.432010,25.059790
許厝,121.431760,25.060510
白雲寺,121.652020,25.041240
翡翠水庫環境學習中心,121.554070,24.904650
拱北殿,121.642330,25.094350
秀峰山靜修禪院,121.661570,25.061750
辭修公園,121.428530,25.057210
頂泰山巖,121.423490,25.043760
明志書院,121.426640,25.046980
新山農場,121.642580,25.100870
大尖山風景區,121.664980,25.053030
汐止金龍湖環湖步道,121.632990,25.074320
慈航紀念堂,121.664110,25.058850
烏來活力村,121.551510,24.848840
烏來紅河谷,121.540340,24.884350
永安居,121.610980,25.001230
竹林山觀音寺,121.389340,25.083630
陳秋菊古厝(德鄰居),121.627710,25.003540
褔安居,121.616020,24.998860
林口運動公園,121.375970,25.074230
鎮南宮,121.615050,24.991570
天龍宮,121.606740,24.997970
深坑橋碑,121.612810,25.000910
忠魂碑,121.612380,25.002030
土埆厝,121.614940,25.001730
阿柔坑溪,121.614910,24.983610
深坑老街,121.614170,25.001430
青山香草教育農園,121.615110,24.975490
黃阿舍生態體驗農園,121.616410,24.995510
石碇西街,121.656410,24.991110
五股濕地,121.457410,25.098240
格頭雲瀑,121.622610,24.943710
吊腳樓,121.660330,24.990990
硬漢嶺,121.426120,25.136160
石碇百年石頭屋,121.660940,24.990690
寶纈禪寺,121.455620,25.110190
五股智光禪寺,121.419270,25.096370
石碇姑娘廟,121.698260,25.016610
月老和合二仙殿,121.651850,25.006840
石碇五路財神廟,121.697420,25.017030
石碇天后宮,121.676920,24.965290
石碇集順廟,121.659150,24.990720
觀音山遊客中心,121.418220,25.129550
台陽礦業事務所(瑞芳金鑛),121.842710,25.110080
豎崎路,121.843280,25.109030
燕子湖風景區,121.551670,24.908010
五番坑,121.842210,25.106750
頌德公園,121.839970,25.108110
小金瓜露頭,121.845850,25.100020
青雲殿,121.841410,25.116170
霞海城隍廟,121.845830,25.110680
翡翠水庫,121.562320,24.904560
聖明宮,121.844180,25.107920
九份明聖宮,121.844230,25.111490
親情河濱公園,121.479010,24.945960
福山宮,121.846880,25.107560
文山農場,121.539410,24.933330
開成殿(天公廟),121.845870,25.108930
臺北國史館(新店館區),121.567040,24.953780
琉榔路觀光步道,121.832610,25.108510
基隆山,121.849160,25.119010
勸濟堂,121.859650,25.110340
無耳茶壺山步道,121.862010,25.109520
新店老街,121.537060,24.957080
九份老街,121.845180,25.109890
陰陽海,121.864120,25.122940
瑞芳火車站,121.806090,25.108720
瑞慈宮,121.808720,25.103270
龍巖宮祖師廟,121.803910,25.108790
景明亭,121.858610,25.114360
深澳漁港,121.820850,25.132020
鳶山公園,121.355490,24.931270
三峽金光明寺,121.409040,24.930950
蝙蝠洞公園,121.832120,25.126320
白雞行修宮,121.401830,24.905110
蝙蝠洞,121.832680,25.125690
三峽八安大橋,121.370130,24.927210
鼻頭漁港,121.915540,25.123670
四腳亭砲台,121.783190,25.116510
吉安宮,121.763710,25.102990
水湳洞,121.861190,25.122480
台灣農林熊空茶園,121.461880,24.878340
滴水觀音(靈巖寺),121.744410,25.043410
觀音巖,121.738140,25.025560
觀音巖警報鐘亭,121.737720,25.025790
孝子山步道,121.739710,25.020080
靜安吊橋,121.776220,25.041310
眼鏡洞瀑布,121.784610,25.049060
菁桐車站,121.723710,25.023860
選洗煤場(碳場咖啡),121.723150,25.024190
薯榔尖步道,121.714150,25.028210
大華壺穴,121.801940,25.053450
菁桐一坑口聚落,121.714710,25.020710
三忠廟,121.864780,25.034760
連舉人古厝,121.861710,25.035990
丁蘭谷,121.875940,25.017130
虎豹潭,121.827610,24.972110
(八里)大眾廟,121.433690,25.158950
國定十三行遺址,121.404260,25.156940
開臺天后宮,121.433850,25.158160
(八里)廖添丁廟(漢民祠),121.396650,25.143620
西龍巖寺,121.423030,25.150090
二叭子植物園,121.495560,24.944010
蝙蝠山,121.865040,25.027380
后番子坑溪生態園區,121.828550,25.032420
南天花苑,121.868830,25.039910
軟橋段親水公園,121.839510,25.033610
聖南寺,121.857110,25.051930
茶花莊,121.846410,25.031410
雙溪打鐵舖,121.865940,25.036560
新店廣興有機市民農園,121.539490,24.912670
不厭亭,121.847520,25.089410
臺大安康農場,121.527740,24.961520
獅仔頭山,121.491390,24.904530
海藏寺,121.533770,24.956770
廣明寺,121.539540,24.959830
碧潭吊橋,121.536110,24.956320
大香山慈音巖,121.559830,24.960970
直潭淨水廠、攔水壩,121.535550,24.940870
草茅地母廟,121.536720,24.950590
太平宮,121.533030,24.959150
花園新城,121.552310,24.934510
潤濟宮,121.487090,24.951850
日興宮,121.482560,24.949260
慈玄寺,121.539780,24.960390
虎字碑,121.925940,24.980610
鹽寮抗日紀念碑,121.927520,25.041420
濛濛湖,121.534850,24.918390
雄鎮蠻煙碑,121.925040,24.988460
南嶽(聖侯)宮,121.384460,25.140890
安福宮,121.413550,25.159310
張家古厝,121.416440,25.166470
八里國小「御大禮記念樹」石碑,121.403110,25.149310
八里左岸公園,121.430010,25.160830
左岸八里碼頭,121.431970,25.161320
左岸劇場,121.425560,25.162340
觀海長堤,121.416640,25.168970
松子腳砲臺遺址,121.402640,25.144530
龍源農場,121.447670,25.132190
(牛寮埔)石頭公農園,121.432260,25.143490
雷朗極限探索(園區),121.421940,25.163080
馬崗漁港,122.004780,25.013780
卯澳漁港,121.991520,25.012550
卯澳石頭古厝建築,121.990150,25.011930
馬崗潮間帶,122.003890,25.013710
西靈巖寺,121.921140,25.105110
澳底仁和宮,121.922990,25.051730
天佛禪寺,121.693710,24.912510
協德宮,121.701650,24.933080
坪林生態園區,121.713370,24.934690
觀音臺,121.712460,24.939320
坪林親水吊橋,121.704080,24.935010
坪林尾橋,121.711510,24.934270
虎寮潭吊橋,121.740710,24.950350
虎寮潭,121.739460,24.948280
粗坑口登山步道,121.721370,24.946070
南山寺,121.727330,24.967740
獅公髻尾山,121.718180,24.975010
粗石斛吊橋,121.749590,24.952550
虎寮潭渡假休閒山莊,121.740190,24.949240
保福宮,121.508710,25.013120
中興街(韓國街),121.517310,25.011910
綠寶石河濱公園,121.505240,25.015530
永和仁愛公園,121.507010,25.011140
圓通禪寺,121.492790,24.982360
貢噶精舍,121.510930,25.000970
南山放生寺,121.512220,24.985010
金山禪寺,121.514050,24.988220
白馬寺,121.494710,24.978490
中和總持寺,121.482350,25.007510
南山觀音寺,121.499320,24.973930
中和觀音禪院,121.513730,24.998580
中和紫竹寺,121.496950,24.978320
中和廣濟宮,121.501290,25.000620
中和福和宮,121.501080,25.001440
中和霹靂宮,121.482560,25.012190
中和竟南宮,121.498450,24.974680
中和樂天宮,121.499420,24.986840
中和無極宮,121.496010,24.978060
中和三介廟,121.516270,24.988080
中和東德宮,121.483320,25.002850
中和碧河宮,121.493850,24.997510
力行福德宮,121.497540,24.995530
海山宮,121.478980,25.001230
中和保慶宮,121.506620,25.004680
中興福德宮,121.499840,24.992920
中和北聖宮,121.492710,25.000250
中和慈安宮,121.477680,25.010570
中和道行宮,121.466810,24.998140
中和慈雲寺,121.490280,24.982510
八二三紀念公園(中和公園),121.514040,25.003160
復興公園,121.502210,24.991220
民享公有零售市場,121.474150,25.003540
枋寮零售市場,121.501010,25.000510
華新街(緬甸街),121.508210,24.983810
外南勢角山,121.504840,24.988930
筆架山,121.630220,24.974440
保和宮,121.471270,25.084090
保佑宮,121.467670,25.088580
九芎公廟(九芎廟),121.466410,25.079320
文武大眾爺廟,121.471680,25.083440
蘆洲清海宮,121.474310,25.096680
蘆洲護天宮,121.479430,25.091130
忠義廟,121.461640,25.081430
蘆洲慈惠堂,121.460420,25.083070
淡水河堤生態區,121.475460,25.097910
成功國小農村文物展示中心,121.457510,25.085710
林建生紀念圖書館,121.469770,25.088520
二重環狀自行車道,121.470210,25.066880
五股濕地教育中心(生態園區),121.456650,25.098630
山佳車站,121.392590,24.972660
新店獅仔頭山隘勇線,121.533330,24.950010
海山神社殘蹟,121.480610,25.004310
中和瑞穗配水池,121.471810,24.998380
金瓜石神社(黃金神社),121.858830,25.104810
新店臺北菸廠鍋爐間及煙囪,121.508540,24.958570
八番坑,121.845270,25.110250
新店區屈尺道碣,121.516730,24.963860
疏洪生態公園,121.456610,25.098160
旗竿湖,121.425970,25.103490
反經石,121.520810,25.191560
五股集福宮福德爺,121.448860,25.102840
五股助順將軍廟,121.426740,25.070890
五股龍鳳巖,121.431130,25.084650
德林寺,121.494450,25.072180
太璞宮,121.474450,25.072110
重陽橋光雕,121.502060,25.085110
義天宮,121.483850,25.076260
三重林氏古厝(崇德居),121.486510,25.072190
興榖國小鄉土文物館,121.475610,25.050470
碧華寺,121.487280,25.082570
碧華布街(三重布莊博物園區),121.483510,25.081190
三和夜市,121.500720,25.065050
萬善同,121.477450,25.062510
大臺北都會公園(二重疏洪道河濱公園),121.481610,25.055710
先嗇宮,121.475960,25.050510
文山社,121.493430,25.081010
親水廣場,121.479990,25.054860
三重社教館,121.489250,25.054830
媽祖田,121.408850,24.951010
土城第一市民農園,121.445450,24.969430
土城第三市民農園,121.450390,24.968550
土城廣承岩寺,121.444210,24.972710
土城善息寺,121.446670,24.942220
新十八王公廟,121.591220,25.271850
牛角坑生態休閒農莊,121.426230,24.896540
阿里磅生態農場,121.583310,25.264320
三峽拱橋,121.373670,24.934880
富基漁港,121.535310,25.292610
石門婚紗廣場,121.531110,25.287830
三峽興隆宮媽祖廟,121.369510,24.933540
跳石海岸,121.633560,25.257410
石門風箏公園,121.548950,25.289930
老梅石槽,121.545460,25.292110
老梅社區,121.544040,25.290540
聖明宮千年雀榕,121.552920,25.274720
石門金剛宮(四面佛)文物館,121.533450,25.286880
臺電核一廠(金山核能發電廠),121.587380,25.286360
北海高爾夫球場,121.601680,25.276510
草里漁港,121.607390,25.282410
石門情人廟,121.539820,25.281340
老梅大丘田,121.546960,25.283880
佛光山石門北海道場,121.570690,25.255580
淡水龍山寺,121.442140,25.170110
三芝三板橋,121.518020,25.207210
圓山草堂,121.516090,25.264710
後厝漁港,121.473880,25.257290
淡水福佑宮,121.439950,25.170210
馬偕墓園,121.437910,25.177050
淡水禮拜堂,121.438440,25.172010
福成宮媽祖廟,121.501480,25.256960
淡水氣候觀測所,121.449310,25.164610
關渡媽祖石,121.439670,25.170120
公司田溪橋,121.443850,25.190240
滬尾水道,121.464670,25.175020
淡水崎仔頂施家古厝,121.441650,25.169910
淡水日商中野宅,121.436850,25.172820
淡水日本警官宿舍,121.439880,25.170750
淡水八角樓,121.437470,25.176640
淡水紅樓,121.439410,25.171420
清水巖祖師廟,121.441040,25.170280
忠寮李氏古厝,121.465640,25.177530
身聲演繹劇場,121.459250,25.142780
淡水漁業生活文化影像館,121.434760,25.173240
三協成糕餅博物館,121.440610,25.169660
北新有機休閒農場,121.471540,25.191650
興福寮花卉綜合農場,121.491260,25.165910
幸福農莊(原大屯溪自然農法教育農莊),121.473780,25.235790
紅樹林生態教育館,121.458780,25.154690
橫山梯田,121.516970,25.254460
富福頂山寺(貝殼廟),121.539650,25.238460
智成忠義宮,121.503720,25.256670
智成堂,121.479110,25.257040
番婆林觀光花園,121.494550,25.237360
興旺養蜂教育農園,121.493340,25.196560
水口民主公王廟,121.505020,25.275010
八仙宮,121.499610,25.273570
木屐寮農莊,121.529250,25.226060
八連溪紅葉谷,121.539260,25.214530
三芝共榮社區,121.508890,25.251590
源興居,121.509040,25.249260
谷垚陶坊生活藝術館,121.475230,25.243170
綠竹園,121.512420,25.251780
烏來妙心寺,121.552550,24.865090
信賢瀑布,121.528440,24.825240
五重溪瀑布,121.514580,24.819810
桶後溪,121.612020,24.844980
信賢吊橋,121.541130,24.841610
直潭山登山步道,121.567980,24.921130
青潭尖,121.551110,24.945830
岐山巖,121.544980,24.923460
長福巖,121.540160,24.911920
磺窟城聚落,121.501520,24.902490
戰俘營紀念碑,121.508210,24.913320
新店渡船頭,121.536760,24.951080
梅花湖(屈尺景觀公園),121.545580,24.919820
小粗坑遺址,121.837740,25.103830
東獅頭山,121.543280,24.959050
廣興河濱公園,121.506740,24.886840
龜山營地,121.553210,24.902380
興南觀光夜市,121.511310,24.988650
忠順廟,121.658960,25.068470
待老坑山,121.574480,24.966830
瓊仔湖公園步道,121.422020,25.057530
泰山娃娃產業文化館,121.434710,25.061640
林口婦幼公園,121.377380,25.072110
德興有機生態教育農場,121.372120,24.903650
蜜蜂世界,121.448380,24.844880
簡單生活藍染工作室,121.406810,24.870640
西湖陶坊,121.352140,24.951710
磺嘴山,121.606080,25.176790
峰頭尖,121.721110,25.008890
石筍尖步道,121.721260,25.031010
山尖路步道,121.848020,25.112080
穿屋巷,121.843580,25.108640
燦光寮登山步道,121.865590,25.092990
漁光里步道,121.727330,24.967750
五城山,121.466110,24.951380
石門內尖山,121.438590,24.936150
五寮尖登山步道,121.365310,24.877310
龍山岩石景浮雕,121.354870,24.871760
黑松三姊妹,121.365550,24.876940
湊合十八洞天,121.381990,24.875690
湊合賞鳥區,121.405530,24.871780
白雞山登山步道,121.402460,24.889370
雞罩山,121.410610,24.888180
鹿窟尖山(湊角山),121.390950,24.889560
三峽紫微天后宮,121.422080,24.908790
熊空溪樂樂谷,121.445870,24.847630
雲森瀑布,121.461070,24.841910
大同山登山步道,121.401250,25.006260
八里左岸自行車道,121.434010,25.159660
金色水岸自行車道,121.438980,25.169910
烏來風景區,121.551980,24.864930
深坑集順廟,121.613440,25.001220
新北市政府景觀瞭望台,121.465540,25.012240
芝柏藝術村,121.512310,25.255160
滬尾砲臺公園,121.426980,25.184260
馬偕租屋處,121.438150,25.172260
八連溪休閒步道,121.497510,25.256750
無極真元天壇(天元宮),121.486090,25.185660
八里(渡船頭)老街,121.434710,25.158440
烏來老街,121.551620,24.864140
菁桐鐵道故事館,121.723430,25.023810
觀音巖旁八仙洞,121.738170,25.025730
新店文史館,121.542130,24.968770
鹿堀(窟)坪古道,121.620320,25.169340
磺港漁港,121.647740,25.230420
慈母峰步道,121.738190,25.019080
插天山自然保留區,121.452620,24.792010
坪林臺灣油杉自然保留區,121.720410,24.907150
溪洲運動河濱公園,121.451790,25.010140
大華車站,121.797940,25.049810
三貂嶺車站,121.822560,25.065540
遠光打鐵店,121.661810,24.990540
復興木炭店,121.442710,25.169610
金瓜寮茶香生態村,121.681160,24.918440
布袋戲主題館,121.440110,25.170910
屈尺水岸,121.545510,24.923120
五指山風景區,121.599620,25.114540
運煤橋,121.827660,25.086250
猴硐一百階,121.830130,25.088710
瑞三本礦口,121.824120,25.080590
復興礦坑口,121.825950,25.078650
猴硐坑,121.828150,25.085550
許新旺陶瓷紀念博物館,121.347810,24.950910
烏來吊橋,121.550610,24.866820
獅頭山,121.548340,24.956220
江璞亭公祖祠堂,121.453080,25.007840
員山子分洪道,121.830050,25.106150
蘆洲功學社音樂廳KHS Hall,121.470780,25.081450
錦和運動公園,121.490720,24.993250
石碇淡蘭藝文館,121.659740,24.990950
直潭壩,121.531980,24.926680
空軍三重一村,121.499490,25.057730
三重綜合運動場,121.489910,25.062860
中山藝術公園,121.492210,25.060750
林泉成古厝,121.450960,25.033410
北大特區藝術大道,121.379430,24.947960
水晶博物館,121.481410,25.009850
新山夢湖,121.636040,25.127910
猴硐貓村,121.826810,25.087210
山宛然客家布袋戲團,121.475540,25.021830
澳底漁港,121.926510,25.057470
八里文化公園(米飛園區),121.412620,25.163910
粗坑仔,121.657280,25.176690
中角沙珠灣,121.633850,25.239520
水尾景觀公園,121.642510,25.221040
金水公路,121.858360,25.115920
新店溪自行車道,121.536740,24.959290
金山萬里自行車道,121.645830,25.221670
坪林觀魚步道,121.704580,24.932650
石碇北宜公路,121.653010,24.997950
雙溪老街,121.864480,25.034610
博愛藝術街,121.517810,25.015840
義學坑自然生態公園,121.324190,25.050110
四廣潭,121.783970,25.047160
烏來瀑布 空中纜車,121.551590,24.849040
桶後,121.613610,24.844570
開天宮,121.538830,24.952160
小赤壁,121.534680,24.957430
大佛寺,121.539810,24.974270
平溪郵局老郵筒,121.738510,25.025970
祈堂老街(金瓜石老街),121.859540,25.109690
窯廠遺址,121.352820,24.947420
牡丹車站,121.851990,25.058770
雙溪車站,121.866530,25.038550
十三層親水園區,121.853760,25.078510
根德水車園區,121.489540,25.261190
櫻木花道,121.477420,25.248550
蘆洲李宅古蹟-李友邦將軍紀念館,121.466650,25.085390
古煙囪,121.358860,24.956960
汐止老街,121.662380,25.070320
米市巷,121.451530,25.033390
八里五福宮,121.433690,25.151370
基山街,121.843390,25.108160
國際終戰和平紀念園區,121.858330,25.110920
板橋車站,121.463270,25.014460
板橋萬坪公園,121.461860,25.014140
淡水泰迪熊博物館,121.438620,25.171090
龍洞四季灣,121.913860,25.082930
卯澳漁村,121.991640,25.011780
意象陶坊,121.844270,25.109210
水湳洞十三層遺址,121.864660,25.118270
菁桐煤礦紀念公園,121.724460,25.024820
烏來林業生活館,121.551720,24.848510
莊貢生古厝,121.846930,25.031140
扁屋,121.831940,25.029410
猴硐神社,121.829650,25.088090
廣安宮,121.638320,25.221880
長福橋,121.371080,24.933270
平溪防空洞,121.737910,25.025410
關渡大橋,121.457010,25.125450
蘆堤寵物公園,121.454480,25.087360
荷花廣場,121.472140,25.064070
幸福水漾公園,121.478580,25.060620
福隆車站,121.944720,25.015890
大屯溪古道休閒農場,121.536840,25.194010
八里渡船頭,121.435790,25.159270
柑腳養生村,121.789040,25.000250
鶯歌車站,121.355150,24.954570
土城媽祖田運動公園,121.420380,24.966690
東興宮,121.950380,25.020480
四腳亭車站,121.761940,25.102780
長仁社區廢煙管,121.863320,25.116590
彭園 (台陽公司附設醫院),121.843130,25.109360
金瓜石地質公園 (本山礦體),121.858480,25.102650
德興居(歐里人文咖啡),121.615110,25.001820
金城公園,121.444440,24.973550
大羅蘭溪,121.500030,24.779720
平溪藍染工作坊,121.431590,25.011340
燭臺雙嶼,121.654510,25.232840
三鶯陶花源,121.358230,24.953480
黃正南薄胎瓷碗工作室,121.363940,24.956360
金溪駐在所,121.674230,24.901090
灣潭,121.539570,24.947540
陳逢顯毫芒雕刻博物館,121.524970,24.961180
陽光運動公園,121.520290,24.976970
福德水車公園生態園區,121.506960,25.247140
大有製墨廠,121.496040,25.071720
輕便路遊客中心,121.845440,25.110550
鶯歌石與長壽步道,121.359930,24.958230
汪洋居古厝,121.353270,24.952670
三個磅空自行車道,121.830930,25.101680
猴硐遊客中心,121.831410,25.091860
土城區原住民族生態公園,121.429530,24.952930
樹林區原住民主題部落公園,121.411820,24.969830
米靈岸音樂劇場,121.540750,24.967910
九陽文創(非門市店鋪),121.507940,24.999840
台灣原住民族企業社(瑪伐流國際工藝社),121.403120,24.955930
王鼎時間科藝體驗館,121.423660,24.956010
台灣農林大寮茶文館,121.434590,24.909570
阮的肉干產業概念館,121.488390,25.057880
世界巧克力夢公園,121.413960,25.182490
綠光農園,121.732520,24.975790
翡翠茶園,121.657720,24.947950
富貴角藝術園區(風藝術園區),121.537320,25.291910
浪漫公路,121.858010,25.116970
樹梅坪,121.849840,25.101210
金瓜石朝日亭,121.859450,25.112580
金山岩,121.842880,25.107550
代天府,121.844980,25.110980
淡水金色水岸,121.443750,25.167860
三才靈芝農場,121.675030,25.013360
新板特區,121.466870,25.012440
八里文化公園露營區,121.411630,25.164860
六扇門顏家茶館,121.738810,25.025730
星光橋,121.662550,25.076460
三芝田心,121.491160,25.205760
精明一街,120.655830,24.156230
潭雅神綠園道,120.706000,24.217990
葵海農場,120.616980,24.421560
臺中公園,120.684460,24.144810
中正公園,120.682510,24.157480
中正露營區,120.784590,24.172790
臺中市孔廟,120.689970,24.154320
大坑9號及9-1號步道,120.733620,24.180150
麗寶樂園渡假區,120.695590,24.323020
月眉觀光糖廠,120.694430,24.313930
高美濕地(高美野生動物保護區),120.549820,24.311950
美術園道,120.663740,24.134050
后里馬場,120.736290,24.298560
臺中市第二市場,120.678820,24.142360
臺中酒廠,120.599110,24.164780
東協廣場,120.683900,24.139260
鰲峰山運動公園,120.583340,24.268800
石岡水壩,120.769520,24.281300
崇德觀光玉市,120.686600,24.196140
大甲鐵砧山風景特定區,120.643190,24.358040
林氏貞孝坊,120.621860,24.344350
東勢客家文化園區,120.831850,24.257650
情人木橋,120.789000,24.272420
紫雲巖,120.579290,24.271120
后里環保公園,120.722670,24.281830
湖水岸藝術街坊,120.644490,24.131530
忠孝夜市,120.683440,24.130180
臺中市忠烈祠,120.690410,24.152750
國定古蹟霧峰林家(萊園),120.700940,24.063120
東光園道,120.696710,24.136810
東豐自行車綠廊,120.778870,24.276040
台中南天宮-關帝聖君,120.695370,24.142920
國立臺灣體育運動大學體育場館,120.688700,24.151570
豐樂雕塑公園,120.643340,24.131510
張家祖廟,120.622050,24.176110
望高寮,120.578150,24.144950
河畔藝術街,120.661920,24.158680
天津成衣街,120.675710,24.169980
自然科學博物館之植物園,120.667630,24.158080
台中城隍廟,120.681250,24.128480
慈善寺,120.690410,24.168120
萬和宮,120.639260,24.137860
萬春宮,120.681650,24.142140
中社觀光花市,120.728580,24.334690
向日葵農場,120.617370,24.418830
昇和香菇農園,120.800910,24.198560
酒桶山休閒農場,120.813200,24.136860
樂成宮,120.698020,24.140700
磺溪書院,120.539340,24.150080
寶覺寺,120.686940,24.159290
臺中市文昌公廟,120.638610,24.137980
日南車站,120.654120,24.378070
震災復興紀念碑,120.750160,24.322480
大安溪鐵橋(花樑鐵橋),120.750260,24.322890
追分車站,120.570180,24.120620
梨山風景區,121.248760,24.255630
公老坪會館農場,120.761700,24.262470
青雲劍藝民俗文物收藏館,120.567620,24.204710
成功車站,120.590160,24.114220
昌平路皮鞋街,120.693020,24.167800
張廖家廟,120.645620,24.182310
大坑1號步道,120.784080,24.190430
大坑2號步道(106\/12\/20~107\/1\/20全線封閉),120.764810,24.185540
大坑3號步道,120.754440,24.168250
大坑4號步道,120.746490,24.180700
大坑5號及5-1號步道,120.799620,24.178230
七分窯,120.788520,24.241520
天籟園,120.790270,24.218660
薰衣草森林,120.841320,24.128460
成功路青草街,120.684520,24.140110
南屯老街,120.639480,24.139090
大坑風景區,120.740320,24.179090
大坑10號步道,120.733670,24.180150
知高庄-炭索館,120.616710,24.156720
寶山社區稻草一、二館,120.614960,24.152460
石岡土牛客家文化館,120.809690,24.265550
枇杷產業文化館,120.807790,24.244000
梨山文化陳列館,121.256460,24.252430
后里薩克斯風玩家館,120.709830,24.308160
大里杙文化館,120.677190,24.098130
林獻堂先生文物館,120.703660,24.060580
東勢梨文化館,120.864050,24.271210
張連昌薩克斯風紀念館,120.694580,24.312390
阿聰師芋頭文化館,120.602200,24.346450
彩虹眷村,120.609980,24.133940
久大生態休閒教育乳羊場,120.728990,24.115190
大甲鎮瀾宮,120.623570,24.345230
新社花海(農委會種苗改良繁殖場第二農場),120.806040,24.203320
六寶公園(戰車公園),120.626020,24.237200
裡冷部落,120.951780,24.165850
咬人狗坑生態景觀步道,120.744490,24.138930
東海藝術街商圈,120.593220,24.188020
真武宮,120.528990,24.256670
旱溪自行車道,120.705950,24.165030
知高圳步道,120.589590,24.118010
新田登山步道,120.738080,24.214000
宮原眼科,120.683360,24.137810
大坑粉紅情人橋,120.727830,24.166670
永豐村桐花步道,120.674730,24.325620
921震災紀念公園,120.723830,24.116580
味噌釀造文化館,120.700600,24.234230
豐原慈濟宮,120.719010,24.251670
優恩蜜溫室蔬果觀光農園,120.805230,24.266800
大里老街,120.677330,24.097390
食水嵙休閒農業區,120.789420,24.273520
軟埤坑休閒農業區,120.843590,24.191350
麻園頭溪公園,120.631030,24.105610
馬力埔休閒農業區,120.808230,24.243680
秋紅谷廣場,120.639400,24.167430
泰安鐵道文化園區,120.750120,24.323180
趙家窯,120.643500,24.232880
木匠兄妹木工房,120.721340,24.291360
沙鹿之翼,120.568990,24.238120
石岡穀倉,120.780130,24.275060
鹿寮成衣商圈,120.564490,24.249100
東勢河濱公園,120.824280,24.257480
大庄浩天宮,120.539700,24.245790
天梯步道,120.843610,24.191360
梧棲朝元宮,120.529750,24.256450
國道臺中清水服務區休息站,120.601340,24.281530
大甲文昌祠,120.622800,24.347760
萬里長城登山步道,120.569410,24.121480
紅樹林生態區,120.587130,24.379280
劉秀才古厝,120.641180,24.318870
梧棲老街,120.529930,24.257760
縱貫鐵路海線清水車站,120.569180,24.263620
匠師的故鄉休閒農業區,120.620040,24.423890
龜殼公園,120.584060,24.371340
新都生態公園,120.728570,24.173460
東海夜市,120.592620,24.181500
新社商圈,120.796180,24.204320
鳳凰山農場,120.747930,24.306420
順天堂觀光工廠,120.584150,24.173380
紙箱王創意園區-大坑店,120.739080,24.177840
第四信用合作社,120.682000,24.139000
廟東夜市,120.719130,24.251570
芬園花卉生產休憩園區,120.643610,24.028950
霧峰樹仁商圈,120.696630,24.061190
國立臺灣音樂文化園區,120.699100,24.058600
大安水蓑衣生態教育園區,120.569480,24.352940
新社星願紫風車,120.796760,24.204110
光復新村,120.695210,24.043660
磐頂教堂,120.583430,24.177360
大肚瑞井里,120.571080,24.163400
清水眷村文化園區,120.558100,24.268780
八方國際商城(八方國際觀光夜市),120.703860,24.245390
坪林森林公園,120.729960,24.148120
牛罵頭遺址文化園區,120.580500,24.268240
台灣太陽餅博物館,120.682410,24.139680
梨之鄉休閒農業區,120.864310,24.271610
水流東休閒農業區,120.660400,24.331930
美仁里彩繪巷,120.559810,24.235800
麗水漁港,120.498870,24.198880
抽藤坑休閒農業區,120.833220,24.171200
清水大楊油庫,120.611770,24.295570
青桐林生態園區,120.780640,24.051210
黎明新村,120.632130,24.152120
太平光興隆大橋,120.725660,24.116440
大坑景觀橋,120.727860,24.166470
思源埡口,121.352720,24.391160
霧峰落羽杉,120.686660,24.015890
彰化銀行總行及行史館,120.682220,24.139840
阿薩斯雕像,120.664790,24.147490
台中柳川水岸,120.677420,24.142540
新臺中火車站,120.686640,24.137570
審計新村,120.662630,24.144690
一德洋樓 (台中市歷史建築林懋陽故居),120.692990,24.166090
興大康橋,120.674210,24.116920
月恆門,120.831970,24.258070
東勢劉文進墓,120.845490,24.259350
金門橋,120.840680,24.252460
原東勢公學校宿舍,120.838620,24.252460
好好聚落文創園區,120.564730,24.221400
清水趙家古厝,120.601230,24.304870
新天地西洋博物館,120.701520,24.141820
高美濕地景觀橋,120.549640,24.308420
瑞井手作步道,120.573130,24.164370
永信醫藥文物館,120.647970,24.360830
潭子觀光蘭園,120.688330,24.209750
舊社里彩繪村,120.700980,24.294750
將軍漁港,120.088590,23.211170
七股潟湖,120.078420,23.123590
紅樹林賞鳥區,120.054050,23.079440
黑面琵鷺保護區,120.046190,23.075050
學甲慈濟宮,120.180420,23.233080
海埔池王府,120.211560,23.203980
麻豆代天府,120.261090,23.190340
蔴荳古港園區,120.269450,23.189390
佳里震興宮,120.188450,23.191020
佳里金唐殿,120.176720,23.161190
八角樓,120.267280,23.320050
月津港-聚波亭大眾廟,120.263880,23.320660
鹽水橋南老街,120.267880,23.315970
南瀛綠都心5號公園,120.314770,23.310680
新營太子宮,120.273250,23.295120
鐵線橋通濟宮,120.276610,23.264670
菁寮國小,120.339120,23.378820
阮家古厝(金德興藥舖),120.335980,23.379260
蓮花公園,120.417670,23.387520
乳牛的家,120.295320,23.268200
德元埤荷蘭村,120.341350,23.264030
太康綠色隧道,120.325940,23.291220
顏水龍紀念公園,120.267070,23.243320
武承恩公園,120.260640,23.233550
南元休閒農場,120.378280,23.240370
林鳳營車站,120.320960,23.242610
蓮花世界,120.317650,23.245070
九品蓮花生態教育園區,120.316820,23.244860
西口小瑞士,120.448720,23.231630
余清芳抗日紀念碑,120.481800,23.129580
噍吧哖紀念公園,120.457440,23.119620
台南科學園區,120.282010,23.101460
善化慶安宮,120.289890,23.132520
鄭成功墓址紀念碑,120.228970,23.036930
新化老街,120.308030,23.035870
虎頭埤風景區,120.336100,23.027120
大坑休閒農場,120.390280,23.006970
噶瑪噶居寺,120.400050,23.053720
308高地,120.442650,22.977090
保安車站,120.231650,22.932980
臺南家具產業博物館,120.222470,22.923950
仁壽宮與歸仁十三窯,120.292950,22.969800
世界蛇王教育農場,120.294460,22.978400
穎川家廟,120.275110,22.996630
關廟山西宮,120.326050,22.961640
千佛山菩提寺,120.346570,22.957150
牛埔農塘,120.409550,22.927510
龍船窩,120.378140,22.954000
虎形山公園,120.360030,22.964680
蘆竹溝漁港,120.096040,23.234510
尖山埤江南渡假村,120.401190,23.249440
永安高爾夫球場渡假村,120.449620,23.286500
南寶高爾夫俱樂部,120.373740,23.151630
南化烏山台灣獼猴區,120.495210,23.024950
將軍溪口紅樹林,120.116260,23.225790
台南高爾夫球場,120.341240,23.036490
火山碧雲寺,120.480930,23.325160
大安生態教育農場,120.318670,23.118780
果農之家,120.512440,23.199660
溪南春休閒渡假漁村,120.116700,23.126850
柳營區八翁酪農專業區,120.301160,23.268390
草山月世界,120.429450,23.007140
水火同源,120.484160,23.321930
吉貝耍平埔文化園區,120.380440,23.296350
台灣詩路,120.226870,23.277560
七股觀海樓,120.077110,23.144910
崁頭山步道,120.447280,23.282500
梅嶺登山步道,120.560360,23.184370
龜丹休閒體驗農園,120.508440,23.136870
吉園休閒農場,120.271140,23.186850
春園休閒農場,120.151960,23.120390
台灣烏腳病醫療紀念館,120.123730,23.269570
玄空法寺,120.481980,23.180590
綠谷西拉雅,120.332020,23.028090
微風山谷藝術村,120.452820,23.059550
亞力山大蝴蝶生態教育農場,120.260000,22.979720
日光石頭博物館,120.379650,23.396050
永康公園,120.243460,23.002470
七甲花卉區,120.293020,22.983280
成功國小蝴蝶園,120.180440,23.121390
鯤喜灣文化園區-龍山寺,120.171530,22.961680
鯤喜灣文化園區-海景天橋,120.169560,22.961500
鯤喜灣文化園區-萬皇宮,120.177780,22.941500
鯤喜灣文化園區-萬年殿,120.180480,22.933330
鯤喜灣文化園區-保安宮,120.180610,22.925200
鯤喜灣-親水公園,120.175120,22.922360
看西街教會,120.198530,22.996100
普濟殿,120.199190,22.998970
臺灣府城城垣小東門段殘蹟,120.218190,22.999580
億載金城 (二鯤鯓砲台),120.160010,22.988360
赤嵌樓,120.202420,22.997220
祀典大天后宮(明寧靖王府邸),120.201490,22.996600
五妃廟,120.205020,22.982570
四草砲台,120.135000,23.019180
兌悅門,120.194430,23.000730
臺灣府城隍廟,120.209140,22.991980
三山國王廟,120.202920,23.001380
開基天后宮,120.202490,22.999670
開元寺,120.222980,23.011310
原德商東興洋行(現為德式古蹟餐廳),120.158860,23.001730
原英商德記洋行,120.159810,23.003360
妙壽宮,120.161670,22.999790
延平街古井,120.161540,23.000890
水仙宮,120.198210,22.996790
臺南德化堂,120.206020,22.989110
蕭氏節孝坊,120.198830,22.990600
石鼎美古宅,120.198990,22.995580
景福祠,120.198450,22.997700
報恩堂,120.203480,22.992510
臺灣府城城垣南門段殘蹟,120.206280,22.985610
開基靈祐宮,120.203720,22.998050
總趕宮,120.199730,22.992030
接官亭,120.195560,22.996990
東嶽殿,120.209410,22.990480
臺灣首廟天壇(天公廟),120.203960,22.993870
臺南故事影像館(原鄭成功祖廟),120.202990,22.992620
法華寺,120.209720,22.983780
烏鬼井,120.204030,23.001760
大觀音亭祀典興濟宮,120.206070,22.998390
台南公園,120.211900,23.002060
西華堂,120.210580,22.999460
臺灣府城巽方砲臺(巽方靖鎮),120.219600,22.984300
大東門,120.203650,22.986860
原台南測候所,120.205080,22.993680
成功大學舊文學院及大成館(原日軍步兵第二聯隊營舍),120.219530,22.996330
臺南火車站,120.212570,22.997230
臺灣城殘蹟(安平古堡內牆),120.160700,23.001900
原安平港導流堤南堤,120.149380,22.986470
安平市仔街何旺厝,120.162460,22.998870
安平海頭社魏宅,120.162920,23.002090
原台南神社事務所及外苑,120.203150,22.989570
湯德章紀念公園,120.205470,22.992540
大井頭,120.201580,22.995340
藍晒圖文創園區,120.196890,22.987090
葉石濤文學紀念館(原山林事務所),120.204650,22.991250
廣安宮,120.201670,22.997420
金華府,120.197000,22.997370
西市場(大菜市),120.198260,22.994110
淺草新天地,120.197620,22.993790
國立台南大學紅樓,120.208110,22.985210
原台南市警察局(原日治時台南警察署),120.205030,22.991070
土地銀行台南分行(原日本勸業銀行台南支店),120.203100,22.992160
台南武德殿,120.203440,22.990670
台南愛國婦人館,120.204240,22.989020
台南消防隊第二分隊(原台南合同廳舍),120.204280,22.992490
吳園(原台南公會堂),120.205950,22.994210
321巷藝術聚落(原日軍步兵第二聯隊官舍群),120.208430,23.004110
王姓大宗祠,120.205920,22.999110
台南二中(原台南中學學校講堂),120.214070,23.005470
原水交社宿舍群暨文化景觀,120.201100,22.976650
原台灣總督府專賣局台南支局,120.187950,22.967740
原臺南州立農事試驗場宿舍群及辦公廳舍,120.220090,22.983390
原臺灣府城東門段城垣殘蹟,120.215000,22.986810
台灣糖業試驗所,120.221040,22.964750
原台南廳長官邸,120.215200,22.993500
南一中紅樓及小禮堂(原台南州立第二中學校校舍本館暨講堂),120.215770,22.994270
臺南神學院(原台南神學校校舍暨禮拜堂),120.213990,22.989350
原臺南縣知事官邸,120.213130,22.992410
媽祖樓天后宮,120.197530,23.000420
集福宮,120.196160,22.999790
朱玖瑩紀念館,120.159680,23.003340
原安平陳保正厝,120.163520,23.000510
重慶寺,120.203610,22.991580
延平郡王祠,120.208220,22.987980
勝利國小禮堂(原勝利國民學校禮堂),120.217810,22.988570
台江生態文化園區,120.135560,23.019260
安平港國家歷史風景區,120.161420,23.001250
孔廟文化園區,120.204090,22.990550
五條港文化園區,120.196430,22.998680
赤嵌文化園區,120.196450,22.994820
鎮北坊文化園區,120.208000,23.008510
東安坊文化園區,120.217500,22.987360
安平樹屋,120.159560,23.003310
三老爺宮,120.204990,23.000170
觀夕平台,120.147130,22.990230
安平老街(延平老街),120.161730,23.000760
林默娘公園,120.157520,22.993550
開基武廟,120.200790,22.996390
香光聖堂,120.212920,23.052590
林初埤木棉花道,120.410020,23.377470
後壁下茄苳旌忠廟,120.363460,23.351640
鄭成功紀念公園,120.114020,23.058410
吳萬春香舖,120.201880,22.996430
鶯料理,120.202920,22.991370
布袋嘴寮代天府,120.208230,23.062390
國立中興大學新化林場,120.352780,23.026940
八老爺牧場,120.300660,23.268120
北極殿(中西區),120.204720,22.994410
原日軍台南衛戍病院,120.215640,23.002420
六重溪溫泉,120.478180,23.313030
港香蘭綠色健康知識館,120.284060,23.093390
網仔寮沙洲,120.109610,23.294530
頂頭額沙洲,120.037190,23.105030
曾文溪口濕地,120.077110,23.145310
四草野生動物保護區,120.132520,23.014720
四草紅樹林保護區,120.137450,23.021370
鹽水溪口濕地,120.153310,23.004900
南灣碼頭遊憩區,120.045240,23.108870
國聖燈塔,120.035900,23.100680
臺南鹽田永鎮宮,120.147320,23.033440
菁寮老街,120.335880,23.378670
北門東隆宮,120.111800,23.238330
麻豆文化館,120.248440,23.182910
橋南老街文化館,120.267290,23.317080
台江六孔管理站(含遊客中心),120.135150,23.019450
拔馬平埔文物館,120.405490,23.056020
麻豆林家四房厝,120.244960,23.179710
安平天后宮(開台天后宮),120.160660,23.000630
鹽埕天后宮,120.189470,22.971290
玉勒朝南宮天上聖母廟,120.216080,23.007470
隆田隆本復興宮,120.315860,23.199210
頭社太上龍頭忠義廟,120.383900,23.151220
西拉雅部落-吉貝耍,120.385590,23.294970
西拉雅部落-北頭洋,120.162590,23.172320
西拉雅部落-頭社,120.386620,23.143470
鹽水天主神聖堂,120.266110,23.318930
東山牛肉崎警察官吏派出所,120.415220,23.279520
原台南農校日式宿舍群,120.243980,23.020400
御真影奉安殿(原新化尋常小學校),120.309760,23.038370
竹門綠色隧道,120.439970,23.376420
黑面琵鷺賞鳥亭,120.052850,23.079150
東山服務區,120.398310,23.286620
要月吊橋,120.430190,23.005560
凌波吊橋,120.297240,23.198220
大內西拉雅吊橋,120.373490,23.140310
永興吊橋,120.478780,23.186690
玉豐芒果樹綠色隧道,120.439260,23.376490
佳里木棉綠色隧道,120.155650,23.184980
旺萊公園(大潭埤),120.342880,22.956720
芙蓉埤生態園區,120.357830,23.334030
崑山湖(鯽魚潭),120.253180,22.998770
老牛的家,120.341550,23.263860
洲仔尾保寧宮,120.229110,23.038770
六甲鎮南宮,120.366730,23.227220
開基永華宮,120.205170,22.989700
泮宮石坊,120.206640,22.990200
後壁無米樂社區(無米里社區由菁寮里、墨林里、後廍里所組成),120.337560,23.380960
東山175咖啡大道,120.487670,23.260620
小南海風景區,120.394120,23.390350
崁頂福安宮,120.502830,23.297270
東山碧軒寺,120.403400,23.326060
玉井虎頭山,120.476840,23.126270
蘇厝真護宮,120.250050,23.131520
台南藝術大學,120.374320,23.186010
海安路藝術街,120.199750,22.995520
西羅殿,120.195840,22.996900
成大榕園,120.219980,22.997260
巴克禮公園,120.223770,22.973120
神農街,120.196550,22.997570
二王廟,120.247460,23.019390
大灣廣護宮,120.267400,23.007250
龍崎文衡殿,120.377050,22.951410
夕遊靜泊行館(原台鹽宿舍),120.159150,23.002160
王雞屎洋宅,120.159120,23.001340
後壁土溝農村美術館,120.380620,23.374790
樹谷生活科學館,120.262410,23.103480
新營印度紫檀綠色隧道,120.272220,23.266410
HMTM和明紡織文化館,120.101180,23.119520
臺灣金屬創意館,120.275420,23.038650
康那香不織布創意王國,120.137210,23.216880
瓜瓜園地瓜生態故事館,120.308580,23.025750
卡多利亞良食故事館,120.357960,23.363210
麗豐微酵館,120.323400,23.217150
跨虹吊橋,120.363730,23.206450
虎月吊橋,120.336940,23.026490
望龍吊橋,120.360400,22.965980
山上天后宮,120.355050,23.100540
善化糖廠,120.281560,23.155440
安平天主教文物館,120.159410,23.000130
蘭科植物園,120.372370,23.089310
西社西㡣殿,120.159420,23.001080
永康三崁店糖廠神社遺蹟,120.240570,23.047390
新化朝天宮,120.306660,23.039880
鹿耳門歷史文化區域地方文化館,120.124460,23.037210
國立成功大學博物館,120.216810,22.996610
隆田考古展示室,120.318200,23.191050
牛埔泥岩水土保持教學園區(牛埔農塘),120.377100,22.919840
仁德十三甲武德宮,120.222530,22.943070
東門美術館,120.203970,22.988970
札哈木會館,120.163970,22.995210
鹿耳門鎮門宮,120.110140,23.020860
新化武德殿,120.308610,23.033430
慈蓮寺,120.424240,23.030080
臨濮堂施氏大宗祠,120.140170,23.206710
茅港尾天后宮,120.283000,23.223560
陳桂記大宗祠,120.150270,23.246210
月津港親水公園,120.267170,23.316950
二行清王宮,120.222640,22.916010
八份姑媽宮,120.219540,23.124220
後甲關帝殿,120.232630,22.985120
德高厝上帝廟,120.235140,22.965900
彌陀寺,120.214390,22.988210
龍山寺,120.219540,22.986560
龍湖寺,120.478970,23.021180
大圓滿廟,120.478970,23.042610
竹溪寺,120.208490,22.977390
代天院,120.319550,23.279020
永安宮,120.293850,23.077280
大社東勢北極殿,120.329140,23.090390
同濟宮,120.318110,23.311150
濟安宮,120.311310,23.302430
真武殿,120.313110,23.299770
學甲大灣清濟宮,120.186330,23.211080
保西代天府,120.277710,22.997640
護庇宮,120.267140,23.318030
大豐南天宮(蔡觀音廟),120.222360,23.264360
下營風鈴木廊道,120.231710,23.233900
下營小葉欖仁綠色隧道,120.277680,23.241260
白河後壁印度紫檀廊道,120.394450,23.357370
白河將軍埤南洋櫻廊道,120.399230,23.390730
後壁上茄苳樟樹廊道,120.374880,23.374810
大甲萬龍宮,120.239730,22.940120
正王府,120.054970,23.086180
林子內教會,120.461690,23.367860
關子嶺火王爺廟,120.504670,23.338340
仙祖廟(紫雲殿),120.499620,23.339600
安定保安宮,120.254160,23.111570
蘇厝長興宮,120.249830,23.124560
玄天上帝廟,120.466040,23.123800
『腳の眼鏡』足部科學體驗中心(紅崴科技股份有限公司),120.152440,23.043290
東和蜂文化觀光工廠(東和蜂業有限公司),120.406430,23.321770
台鉅美妝觀光工廠,120.258720,22.986990
關子嶺溫泉公園,120.504720,23.339590
關子嶺老街,120.500070,23.334890
關子嶺閑雲橋,120.504820,23.339470
洪通故居彩繪村,120.151710,23.290220
新安宮藝文中心,120.133420,23.286020
華美光學eye玩視界,120.211250,23.073010
關子嶺大凍山步道,120.513070,23.324120
陳永華墓(陳永華總制夫婦古墓),120.371110,23.247370
奇美食品幸福工廠,120.216740,22.952800
白鵝生態教育農場,120.291320,23.246350
